172.28.193.157	172.28.193.157:58910	1.0
172.28.193.157	172.28.193.157:60810	1.0
172.28.193.157	172.28.193.157:58499	1.0
172.28.193.157	172.28.193.157:52544	1.0
172.28.193.157	172.28.193.157:48986	1.0
172.28.193.157	172.28.193.157:59560	1.0
172.28.193.157	172.28.193.157:48969	1.0
172.28.193.157	172.28.193.157:48989	1.0
172.28.193.157	172.28.193.157:59688	1.0
172.28.193.157	172.28.193.157:53237	1.0
172.28.193.157	172.28.193.157:59677	1.0
172.28.193.157	172.28.193.157:53222	1.0
172.28.193.157	172.28.193.157:59556	1.0
172.28.209.73	172.28.209.73:55692	1.0
172.28.208.188	172.28.208.188:35036	1.0
172.28.198.11	172.28.198.11:58789	1.0
172.28.198.11	172.28.198.11:51197	1.0
172.28.198.11	172.28.198.11:50692	1.0
172.28.198.11	172.28.198.11:50696	1.0
172.28.198.11	172.28.198.11:51261	1.0
172.28.198.11	172.28.198.11:58798	1.0
172.28.198.11:44986	172.28.198.11	1.0
172.28.198.11:58886	172.28.198.11	1.0
172.28.208.188:46705	172.28.208.188	1.0
172.28.211.45	172.28.211.45:42222	1.0
172.28.211.45	172.28.211.45:43774	1.0
172.28.211.45	172.28.211.45:47332	1.0
172.28.211.45	172.28.211.45:42330	1.0
172.28.211.45	172.28.211.45:43708	1.0
172.28.211.45	172.28.211.45:54517	1.0
172.28.211.45	172.28.211.45:43769	1.0
172.28.211.45	172.28.211.45:43686	1.0
172.28.211.45	172.28.211.45:43706	1.0
172.28.211.45	172.28.211.45:54527	1.0
172.28.211.45	172.28.211.45:42375	1.0
172.28.211.45:53955	172.28.211.45	1.0
172.28.193.157:58705	172.28.193.157	1.0
172.28.208.188:46899	172.28.208.188	1.0
172.28.208.188:47018	172.28.208.188	1.0
172.28.198.11:55993	172.28.198.11	1.0
172.28.209.73:44906	172.28.209.73	1.0
172.28.193.157:44225	172.28.193.157	1.0
172.28.211.45:44850	172.28.211.45	1.0
172.28.193.157:51500	172.28.193.157	1.0
172.28.198.11:41213	172.28.198.11	1.0
172.28.208.188:47238	172.28.208.188	1.0
172.28.198.11:42607	172.28.198.11	1.0
172.28.211.45:44032	172.28.211.45	1.0
172.28.211.45:53951	172.28.211.45	1.0
172.28.208.188:54726	172.28.208.188	1.0
172.28.211.45:44021	172.28.211.45	1.0
172.28.211.45:54215	172.28.211.45	1.0
172.28.193.157:39384	172.28.193.157	1.0
172.28.211.45:53959	172.28.211.45	1.0
172.28.211.45:54347	172.28.211.45	1.0
172.28.208.188:54722	172.28.208.188	1.0
172.18.18.16	172.18.18.16:56372	1.0
172.28.211.45:41466	172.28.211.45	1.0
172.28.193.157:34310	172.28.193.157	1.0
172.28.193.157:35235	172.28.193.157	1.0
172.28.193.157:51860	172.28.193.157	1.0
172.28.193.157:43179	172.28.193.157	1.0
172.28.193.157:53304	172.28.193.157	1.0
172.28.193.157:51998	172.28.193.157	1.0
172.28.198.11:47542	172.28.198.11	1.0
172.28.198.11:56892	172.28.198.11	1.0
172.28.193.157:52161	172.28.193.157	1.0
172.28.193.157:53086	172.28.193.157	1.0
172.28.193.157:33930	172.28.193.157	1.0
172.28.211.45:59905	172.28.211.45	1.0
172.28.193.157:34862	172.28.193.157	1.0
172.28.211.45:43812	172.28.211.45	1.0
172.28.193.157:48356	172.28.193.157	1.0
172.28.209.73:49531	172.28.209.73	1.0
172.28.198.11:50706	172.28.198.11	1.0
172.28.193.157:58500	172.28.193.157	1.0
172.28.193.157:52419	172.28.193.157	1.0
172.28.209.73:56838	172.28.209.73	1.0
172.28.193.157:35507	172.28.193.157	1.0
172.28.198.11:59282	172.28.198.11	1.0
172.28.193.157:54995	172.28.193.157	1.0
172.28.198.11:59370	172.28.198.11	1.0
172.28.193.157:58414	172.28.193.157	1.0
172.28.211.45:40358	172.28.211.45	1.0
172.28.193.157:41927	172.28.193.157	1.0
172.28.193.157:48352	172.28.193.157	1.0
172.28.209.73:42196	172.28.209.73	1.0
172.28.211.45:54021	172.28.211.45	1.0
172.28.193.157:40909	172.28.193.157	1.0
172.28.193.157:42859	172.28.193.157	1.0
172.28.193.157:58109	172.28.193.157	1.0
172.28.193.157:39753	172.28.193.157	1.0
172.28.209.73:44503	172.28.209.73	1.0
172.28.198.11:51303	172.28.198.11	1.0
172.28.193.157:53172	172.28.193.157	1.0
172.28.211.45:54522	172.28.211.45	1.0
172.28.211.45:60066	172.28.211.45	1.0
172.28.198.11:32785	172.28.198.11	1.0
172.28.198.11:58785	172.28.198.11	1.0
172.28.211.45:42854	172.28.211.45	1.0
172.28.211.45:33148	172.28.211.45	1.0
172.28.208.188:46998	172.28.208.188	1.0
172.28.208.188:46686	172.28.208.188	1.0
172.28.198.11:59386	172.28.198.11	1.0
172.28.211.45:42355	172.28.211.45	1.0
172.28.211.45:54330	172.28.211.45	1.0
172.28.209.73:56680	172.28.209.73	1.0
172.28.198.11:42799	172.28.198.11	1.0
172.28.198.11:57043	172.28.198.11	1.0
172.28.193.157:52462	172.28.193.157	1.0
172.28.198.11:55537	172.28.198.11	1.0
172.28.193.157:41125	172.28.193.157	1.0
172.28.198.11:47675	172.28.198.11	1.0
172.28.209.73:55669	172.28.209.73	1.0
172.28.193.157:41338	172.28.193.157	1.0
172.28.211.45:60238	172.28.211.45	1.0
172.28.211.45:42351	172.28.211.45	1.0
172.28.209.73:44951	172.28.209.73	1.0
172.28.198.11:50426	172.28.198.11	1.0
172.28.211.45:22	172.28.211.45	1.0
172.28.193.157:39221	172.28.193.157	1.0
172.28.198.11:41471	172.28.198.11	1.0
172.28.193.157:41646	172.28.193.157	1.0
108.61.56.35:0	108.61.56.35	1.0
172.28.198.11:56853	172.28.198.11	1.0
172.28.211.45:59878	172.28.211.45	1.0
172.28.198.11:55647	172.28.198.11	1.0
172.28.209.73:34085	172.28.209.73	1.0
172.28.209.73:48048	172.28.209.73	1.0
172.28.211.45:54023	172.28.211.45	1.0
172.28.193.157:53136	172.28.193.157	1.0
172.28.198.11:35174	172.28.198.11	1.0
172.28.211.45:33437	172.28.211.45	1.0
172.28.193.157:58412	172.28.193.157	1.0
172.28.193.157:43331	172.28.193.157	1.0
172.28.211.45:41450	172.28.211.45	1.0
172.28.211.45:40244	172.28.211.45	1.0
172.28.208.188:53319	172.28.208.188	1.0
172.28.209.73:41889	172.28.209.73	1.0
172.28.211.45:59839	172.28.211.45	1.0
172.28.211.45:47708	172.28.211.45	1.0
172.28.198.11:55408	172.28.198.11	1.0
172.28.198.11:56108	172.28.198.11	1.0
172.28.193.157:59633	172.28.193.157	1.0
172.28.211.45:43652	172.28.211.45	1.0
172.28.208.188:45127	172.28.208.188	1.0
172.28.211.45:43759	172.28.211.45	1.0
172.28.208.188:47335	172.28.208.188	1.0
172.28.193.157:54954	172.28.193.157	1.0
172.28.198.11:46173	172.28.198.11	1.0
172.28.198.11:55898	172.28.198.11	1.0
172.28.198.11:38811	172.28.198.11	1.0
172.28.198.11:42636	172.28.198.11	1.0
172.28.208.188:46936	172.28.208.188	1.0
172.28.193.157:43305	172.28.193.157	1.0
172.28.208.188:35074	172.28.208.188	1.0
172.28.208.188:47124	172.28.208.188	1.0
172.28.193.157:52093	172.28.193.157	1.0
172.28.208.188:46962	172.28.208.188	1.0
172.28.208.188:35081	172.28.208.188	1.0
172.28.211.45:42856	172.28.211.45	1.0
172.28.208.188:56138	172.28.208.188	1.0
172.28.198.11:41107	172.28.198.11	1.0
172.28.208.188:44701	172.28.208.188	1.0
172.28.198.11:56239	172.28.198.11	1.0
172.28.211.45:60089	172.28.211.45	1.0
172.28.198.11:56183	172.28.198.11	1.0
172.28.211.45:59708	172.28.211.45	1.0
172.28.193.157:52402	172.28.193.157	1.0
172.28.209.73:55090	172.28.209.73	1.0
172.28.193.157:59603	172.28.193.157	1.0
172.28.211.45:44847	172.28.211.45	1.0
172.28.211.45:42310	172.28.211.45	1.0
172.28.193.157:39079	172.28.193.157	1.0
172.28.193.157:59104	172.28.193.157	1.0
172.28.193.157:35273	172.28.193.157	1.0
172.28.193.157:33742	172.28.193.157	1.0
172.28.193.157:48061	172.28.193.157	1.0
172.28.193.157:43030	172.28.193.157	1.0
172.28.211.45:43805	172.28.211.45	1.0
172.28.198.11:52030	172.28.198.11	1.0
172.28.193.157:34474	172.28.193.157	1.0
172.28.193.157:35599	172.28.193.157	1.0
172.28.198.11:51299	172.28.198.11	1.0
172.28.211.45:53699	172.28.211.45	1.0
172.28.198.11:58524	172.28.198.11	1.0
172.28.198.11:60918	172.28.198.11	1.0
172.28.211.45:43287	172.28.211.45	1.0
172.28.193.157:41606	172.28.193.157	1.0
172.28.208.188:46706	172.28.208.188	1.0
172.28.193.157:40675	172.28.193.157	1.0
172.28.193.157:42650	172.28.193.157	1.0
172.28.198.11:42769	172.28.198.11	1.0
172.28.193.157:58419	172.28.193.157	1.0
172.28.193.157:43363	172.28.193.157	1.0
172.28.211.45:43595	172.28.211.45	1.0
172.28.198.11:34939	172.28.198.11	1.0
172.28.208.188:59139	172.28.208.188	1.0
172.28.198.11:35127	172.28.198.11	1.0
172.28.198.11:59402	172.28.198.11	1.0
172.28.211.45:40246	172.28.211.45	1.0
172.28.198.11:60396	172.28.198.11	1.0
172.28.211.45:59790	172.28.211.45	1.0
172.28.193.157:0	172.28.193.157	1.0
172.28.193.157:34334	172.28.193.157	1.0
172.28.193.157:34534	172.28.193.157	1.0
172.28.193.157:53309	172.28.193.157	1.0
172.28.193.157:42478	172.28.193.157	1.0
172.28.193.157:52578	172.28.193.157	1.0
172.28.209.73:44972	172.28.209.73	1.0
172.28.193.157:34541	172.28.193.157	1.0
172.28.193.157:34591	172.28.193.157	1.0
172.28.211.45:54416	172.28.211.45	1.0
172.28.208.188:46880	172.28.208.188	1.0
172.28.193.157:47824	172.28.193.157	1.0
172.28.209.73:55618	172.28.209.73	1.0
172.28.193.157:40931	172.28.193.157	1.0
172.28.211.45:58525	172.28.211.45	1.0
172.28.193.157:34044	172.28.193.157	1.0
172.28.208.188:46888	172.28.208.188	1.0
172.28.209.73:44632	172.28.209.73	1.0
172.28.209.73:50682	172.28.209.73	1.0
172.28.208.188:47276	172.28.208.188	1.0
172.28.198.11:55739	172.28.198.11	1.0
172.28.198.11:56127	172.28.198.11	1.0
172.28.211.45:54271	172.28.211.45	1.0
172.28.211.45:42865	172.28.211.45	1.0
172.28.211.45:60003	172.28.211.45	1.0
172.28.209.73:48660	172.28.209.73	1.0
172.28.198.11:56135	172.28.198.11	1.0
172.28.211.45:44879	172.28.211.45	1.0
172.28.193.157:43948	172.28.193.157	1.0
172.28.198.11:44998	172.28.198.11	1.0
172.28.198.11:56823	172.28.198.11	1.0
172.28.193.157:58199	172.28.193.157	1.0
172.28.198.11:59824	172.28.198.11	1.0
172.28.198.11:35068	172.28.198.11	1.0
172.28.211.45:42312	172.28.211.45	1.0
172.28.211.45:60312	172.28.211.45	1.0
172.28.211.45:45050	172.28.211.45	1.0
172.28.209.73:50375	172.28.209.73	1.0
172.28.198.11:59763	172.28.198.11	1.0
172.28.198.11:55457	172.28.198.11	1.0
172.28.198.11:42620	172.28.198.11	1.0
172.28.211.45:44345	172.28.211.45	1.0
172.18.18.16:53270	172.18.18.16	1.0
172.28.193.157:34539	172.28.193.157	1.0
172.28.193.157:34227	172.28.193.157	1.0
172.28.193.157:42415	172.28.193.157	1.0
172.28.198.11:34984	172.28.198.11	1.0
172.28.211.45:49728	172.28.211.45	1.0
172.28.211.45:60622	172.28.211.45	1.0
172.28.198.11:60972	172.28.198.11	1.0
172.28.211.45:43641	172.28.211.45	1.0
172.28.208.188:47010	172.28.208.188	1.0
172.28.208.188:25011	172.28.208.188	1.0
172.28.208.188:35079	172.28.208.188	1.0
172.28.198.11:34873	172.28.198.11	1.0
172.28.211.45:43123	172.28.211.45	1.0
172.28.208.188:47117	172.28.208.188	1.0
172.28.198.11:59517	172.28.198.11	1.0
172.28.208.188:47161	172.28.208.188	1.0
172.28.208.188:46974	172.28.208.188	1.0
172.28.198.11:42731	172.28.198.11	1.0
172.28.193.157:48056	172.28.193.157	1.0
172.28.198.11:42225	172.28.198.11	1.0
172.28.211.45:43563	172.28.211.45	1.0
172.28.208.188:56401	172.28.208.188	1.0
172.28.211.45:45095	172.28.211.45	1.0
172.28.208.188:53320	172.28.208.188	1.0
172.28.208.188:56395	172.28.208.188	1.0
172.28.211.45:58695	172.28.211.45	1.0
172.28.193.157:58895	172.28.193.157	1.0
172.28.193.157:48364	172.28.193.157	1.0
172.28.208.188:35358	172.28.208.188	1.0
172.28.209.73:58358	172.28.209.73	1.0
172.28.208.188:46827	172.28.208.188	1.0
172.28.208.188:56427	172.28.208.188	1.0
172.28.211.45:43615	172.28.211.45	1.0
172.28.208.188:46834	172.28.208.188	1.0
172.28.211.45:58178	172.28.211.45	1.0
172.28.209.73:8022	172.28.209.73	1.0
172.28.193.157:43297	172.28.193.157	1.0
172.28.198.11:55472	172.28.198.11	1.0
172.28.211.45:49491	172.28.211.45	1.0
172.28.193.157:53154	172.28.193.157	1.0
172.28.209.73:44448	172.28.209.73	1.0
172.28.208.188:46698	172.28.208.188	1.0
172.28.193.157:35417	172.28.193.157	1.0
172.28.193.157:35224	172.28.193.157	1.0
172.28.209.73:46268	172.28.209.73	1.0
172.28.193.157:53268	172.28.193.157	1.0
172.28.193.157:40487	172.28.193.157	1.0
172.28.209.73:42312	172.28.209.73	1.0
172.28.209.73:56487	172.28.209.73	1.0
172.28.193.157:39456	172.28.193.157	1.0
172.28.209.73:44381	172.28.209.73	1.0
172.28.211.45:43700	172.28.211.45	1.0
172.28.193.157:46275	172.28.193.157	1.0
172.28.208.188:46900	172.28.208.188	1.0
172.28.193.157:59675	172.28.193.157	1.0
172.28.193.157:59700	172.28.193.157	1.0
172.28.193.157:33694	172.28.193.157	1.0
172.28.193.157:52469	172.28.193.157	1.0
172.28.209.73:58319	172.28.209.73	1.0
172.28.193.157:44551	172.28.193.157	1.0
172.28.209.73:50195	172.28.209.73	1.0
172.28.193.157:59589	172.28.193.157	1.0
172.28.193.157:33833	172.28.193.157	1.0
172.28.208.188:46908	172.28.208.188	1.0
172.28.193.157:52083	172.28.193.157	1.0
172.28.209.73:56483	172.28.209.73	1.0
172.28.209.73:58302	172.28.209.73	1.0
172.28.193.157:35371	172.28.193.157	1.0
172.28.198.11:41171	172.28.198.11	1.0
172.28.209.73:34265	172.28.209.73	1.0
172.28.193.157:41365	172.28.193.157	1.0
172.28.193.157:48990	172.28.193.157	1.0
172.28.193.157:34584	172.28.193.157	1.0
172.28.198.11:55459	172.28.198.11	1.0
172.28.198.11:47566	172.28.198.11	1.0
172.28.209.73:55091	172.28.209.73	1.0
172.28.211.45:59891	172.28.211.45	1.0
172.28.211.45:32792	172.28.211.45	1.0
172.28.193.157:49011	172.28.193.157	1.0
172.28.209.73:36330	172.28.209.73	1.0
172.28.211.45:54480	172.28.211.45	1.0
172.28.208.188:44743	172.28.208.188	1.0
172.28.193.157:34037	172.28.193.157	1.0
172.28.209.73:44937	172.28.209.73	1.0
172.28.198.11:34875	172.28.198.11	1.0
172.28.198.11:51250	172.28.198.11	1.0
172.28.209.73:44782	172.28.209.73	1.0
172.28.198.11:41970	172.28.198.11	1.0
172.28.209.73:44870	172.28.209.73	1.0
172.28.209.73:50514	172.28.209.73	1.0
172.28.211.45:43590	172.28.211.45	1.0
172.28.193.157:35672	172.28.193.157	1.0
172.28.209.73:41897	172.28.209.73	1.0
172.28.193.157:34866	172.28.193.157	1.0
172.28.193.157:45891	172.28.193.157	1.0
172.28.198.11:55416	172.28.198.11	1.0
172.28.198.11:51954	172.28.198.11	1.0
172.28.211.45:54454	172.28.211.45	1.0
172.28.209.73:34173	172.28.209.73	1.0
172.28.211.45:42848	172.28.211.45	1.0
172.28.208.188:46223	172.28.208.188	1.0
172.28.198.11:60123	172.28.198.11	1.0
172.28.193.157:40486	172.28.193.157	1.0
172.28.211.45:58955	172.28.211.45	1.0
172.28.209.73:55093	172.28.209.73	1.0
172.28.211.45:60693	172.28.211.45	1.0
172.28.198.11:44987	172.28.198.11	1.0
172.28.211.45:44756	172.28.211.45	1.0
172.28.193.157:44956	172.28.193.157	1.0
172.28.193.157:39800	172.28.193.157	1.0
172.28.209.73:44475	172.28.209.73	1.0
172.18.18.16:53263	172.18.18.16	1.0
172.28.211.45:47382	172.28.211.45	1.0
172.28.211.45:43326	172.28.211.45	1.0
172.28.198.11:56195	172.28.198.11	1.0
172.28.209.73:57840	172.28.209.73	1.0
172.28.209.73:58409	172.28.209.73	1.0
172.28.211.45:42253	172.28.211.45	1.0
172.28.193.157:35022	172.28.193.157	1.0
172.28.209.73:41997	172.28.209.73	1.0
172.28.209.73:42147	172.28.209.73	1.0
172.28.211.45:43322	172.28.211.45	1.0
172.28.209.73:44491	172.28.209.73	1.0
172.28.198.11:59941	172.28.198.11	1.0
172.28.198.11:59935	172.28.198.11	1.0
172.28.193.157:59698	172.28.193.157	1.0
172.28.193.157:44092	172.28.193.157	1.0
172.28.208.188:46811	172.28.208.188	1.0
172.28.193.157:48049	172.28.193.157	1.0
172.28.208.188:48224	172.28.208.188	1.0
172.28.208.188:46718	172.28.208.188	1.0
172.28.208.188:56493	172.28.208.188	1.0
172.28.208.188:47106	172.28.208.188	1.0
172.28.198.11:37050	172.28.198.11	1.0
172.28.208.188:46925	172.28.208.188	1.0
172.28.209.73:56400	172.28.209.73	1.0
172.28.211.45:44726	172.28.211.45	1.0
172.28.193.157:48045	172.28.193.157	1.0
172.28.209.73:50420	172.28.209.73	1.0
172.28.198.11:56895	172.28.198.11	1.0
172.28.209.73:33902	172.28.209.73	1.0
172.28.208.188:35002	172.28.208.188	1.0
172.28.198.11:56121	172.28.198.11	1.0
172.28.209.73:59546	172.28.209.73	1.0
172.28.208.188:35109	172.28.208.188	1.0
172.28.211.45:43659	172.28.211.45	1.0
172.28.208.188:56153	172.28.208.188	1.0
172.28.193.157:53197	172.28.193.157	1.0
172.28.198.11:56891	172.28.198.11	1.0
172.28.211.45:43373	172.28.211.45	1.0
172.28.193.157:44223	172.28.193.157	1.0
172.28.193.157:35486	172.28.193.157	1.0
172.28.193.157:41961	172.28.193.157	1.0
172.28.211.45:53693	172.28.211.45	1.0
172.28.193.157:59712	172.28.193.157	1.0
172.28.198.11:42806	172.28.198.11	1.0
172.18.18.16:56356	172.18.18.16	1.0
172.28.193.157:58906	172.28.193.157	1.0
172.28.193.157:49000	172.28.193.157	1.0
172.28.193.157:35369	172.28.193.157	1.0
172.28.193.157:48369	172.28.193.157	1.0
172.28.193.157:42413	172.28.193.157	1.0
172.28.193.157:52088	172.28.193.157	1.0
172.28.198.11:34926	172.28.198.11	1.0
172.28.198.11:55576	172.28.198.11	1.0
172.28.193.157:41789	172.28.193.157	1.0
172.28.193.157:51689	172.28.193.157	1.0
172.28.193.157:58208	172.28.193.157	1.0
172.28.208.188:53346	172.28.208.188	1.0
97.107.128.58	97.107.128.58:0	1.0
172.28.193.157:52234	172.28.193.157	1.0
172.28.193.157:51866	172.28.193.157	1.0
172.28.193.157:34235	172.28.193.157	1.0
172.28.211.45:58529	172.28.211.45	1.0
172.28.193.157:42948	172.28.193.157	1.0
172.28.198.11:59548	172.28.198.11	1.0
172.28.209.73:46917	172.28.209.73	1.0
172.28.211.45:44049	172.28.211.45	1.0
172.28.198.11:44999	172.28.198.11	1.0
172.28.198.11:56299	172.28.198.11	1.0
172.28.208.188:35118	172.28.208.188	1.0
172.28.209.73:34406	172.28.209.73	1.0
172.28.211.45:59856	172.28.211.45	1.0
172.28.211.45:43969	172.28.211.45	1.0
172.28.208.188:46763	172.28.208.188	1.0
172.28.193.157:23000	172.28.193.157	1.0
172.18.18.16:56326	172.18.18.16	1.0
172.28.208.188:47364	172.28.208.188	1.0
172.28.198.11:60971	172.28.198.11	1.0
172.28.198.11:41134	172.28.198.11	1.0
172.28.211.45:44878	172.28.211.45	1.0
172.28.208.188:45128	172.28.208.188	1.0
172.28.193.157:34410	172.28.193.157	1.0
172.28.209.73:42354	172.28.209.73	1.0
172.28.209.73:58348	172.28.209.73	1.0
172.28.208.188:46942	172.28.208.188	1.0
172.28.193.157:58492	172.28.193.157	1.0
172.28.209.73:8030	172.28.209.73	1.0
172.28.211.45:43836	172.28.211.45	1.0
172.28.209.73:50755	172.28.209.73	1.0
172.28.198.11:59749	172.28.198.11	1.0
172.28.211.45:43643	172.28.211.45	1.0
172.28.198.11:38812	172.28.198.11	1.0
172.28.208.188:45200	172.28.208.188	1.0
172.28.211.45:60613	172.28.211.45	1.0
172.28.198.11:57026	172.28.198.11	1.0
172.28.211.45:44145	172.28.211.45	1.0
172.28.193.157:48064	172.28.193.157	1.0
172.28.198.11:59958	172.28.198.11	1.0
52.0.56.137:0	52.0.56.137	1.0
96.244.96.19	96.244.96.19:0	1.0
172.28.209.73:44560	172.28.209.73	1.0
172.28.208.188:50010	172.28.208.188	1.0
172.28.198.11:55979	172.28.198.11	1.0
172.28.208.188:46823	172.28.208.188	1.0
172.28.193.157:33892	172.28.193.157	1.0
172.28.198.11:41161	172.28.198.11	1.0
172.28.209.73:41936	172.28.209.73	1.0
172.28.193.157:53087	172.28.193.157	1.0
172.28.211.45:58262	172.28.211.45	1.0
172.28.211.45:43806	172.28.211.45	1.0
172.28.211.45:55531	172.28.211.45	1.0
172.28.198.11:56781	172.28.198.11	1.0
172.28.198.11:60919	172.28.198.11	1.0
172.28.198.11:42713	172.28.198.11	1.0
172.28.208.188:46963	172.28.208.188	1.0
172.28.211.45:44982	172.28.211.45	1.0
172.28.211.45:42276	172.28.211.45	1.0
172.28.193.157:42476	172.28.193.157	1.0
172.28.211.45:43776	172.28.211.45	1.0
172.28.193.157:59995	172.28.193.157	1.0
172.28.198.11:51964	172.28.198.11	1.0
172.28.198.11:55539	172.28.198.11	1.0
172.28.208.188:47083	172.28.208.188	1.0
172.28.193.157:58983	172.28.193.157	1.0
172.28.211.45:41121	172.28.211.45	1.0
172.28.209.73:42221	172.28.209.73	1.0
172.28.211.45:47446	172.28.211.45	1.0
172.28.209.73:55171	172.28.209.73	1.0
172.28.198.11:56921	172.28.198.11	1.0
172.18.18.16:56284	172.18.18.16	1.0
172.28.211.45:43497	172.28.211.45	1.0
172.28.193.157:40966	172.28.193.157	1.0
172.28.208.188:46916	172.28.208.188	1.0
172.28.193.157:39385	172.28.193.157	1.0
172.28.193.157:48360	172.28.193.157	1.0
172.28.193.157:50010	172.28.193.157	1.0
172.28.211.45:55385	172.28.211.45	1.0
172.28.193.157:52404	172.28.193.157	1.0
172.28.208.188:45048	172.28.208.188	1.0
172.28.193.157:58811	172.28.193.157	1.0
172.28.211.45:45005	172.28.211.45	1.0
172.28.198.11:56230	172.28.198.11	1.0
172.28.198.11:56755	172.28.198.11	1.0
172.28.193.157:51999	172.28.193.157	1.0
172.28.193.157:42418	172.28.193.157	1.0
172.28.193.157:48943	172.28.193.157	1.0
172.28.193.157:41100	172.28.193.157	1.0
172.28.211.45:59875	172.28.211.45	1.0
172.28.193.157:53369	172.28.193.157	1.0
172.28.211.45:43557	172.28.211.45	1.0
172.28.208.188:46782	172.28.208.188	1.0
172.28.211.45:59907	172.28.211.45	1.0
172.28.198.11:56526	172.28.198.11	1.0
172.28.193.157:35020	172.28.193.157	1.0
172.28.198.11:45045	172.28.198.11	1.0
172.28.193.157:34389	172.28.193.157	1.0
172.28.209.73:56489	172.28.209.73	1.0
172.28.209.73:50283	172.28.209.73	1.0
172.28.211.45:55402	172.28.211.45	1.0
172.28.193.157:41440	172.28.193.157	1.0
172.28.209.73:0	172.28.209.73	1.0
54.209.10.149	54.209.10.149:0	1.0
172.28.193.157:51859	172.28.193.157	1.0
172.28.211.45:43672	172.28.211.45	1.0
172.28.208.188:45147	172.28.208.188	1.0
172.28.209.73:8888	172.28.209.73	1.0
172.28.193.157:52635	172.28.193.157	1.0
172.28.209.73:55085	172.28.209.73	1.0
172.28.211.45:58260	172.28.211.45	1.0
172.28.211.45:54404	172.28.211.45	1.0
172.28.211.45:40298	172.28.211.45	1.0
172.28.209.73:42373	172.28.209.73	1.0
172.28.198.11:35942	172.28.198.11	1.0
172.28.193.157:48917	172.28.193.157	1.0
172.28.198.11:58367	172.28.198.11	1.0
172.28.208.188:8041	172.28.208.188	1.0
172.28.211.45:44724	172.28.211.45	1.0
172.28.198.11:55474	172.28.198.11	1.0
172.28.209.73:41637	172.28.209.73	1.0
172.28.198.11:41956	172.28.198.11	1.0
172.28.208.188:46756	172.28.208.188	1.0
172.28.208.188:35000	172.28.208.188	1.0
172.28.198.11:55650	172.28.198.11	1.0
172.28.198.11:44944	172.28.198.11	1.0
172.28.209.73:44463	172.28.209.73	1.0
172.28.211.45:40357	172.28.211.45	1.0
172.28.193.157:52532	172.28.193.157	1.0
172.28.193.157:53232	172.28.193.157	1.0
172.28.211.45:60007	172.28.211.45	1.0
172.28.209.73:35201	172.28.209.73	1.0
172.28.211.45:42333	172.28.211.45	1.0
172.28.193.157:52327	172.28.193.157	1.0
172.28.211.45:41721	172.28.211.45	1.0
172.28.211.45:55371	172.28.211.45	1.0
172.28.209.73:42315	172.28.209.73	1.0
172.18.18.16:56315	172.18.18.16	1.0
172.28.211.45:60153	172.28.211.45	1.0
172.28.211.45:54466	172.28.211.45	1.0
172.28.211.45:43760	172.28.211.45	1.0
172.28.211.45:44110	172.28.211.45	1.0
172.28.198.11:51860	172.28.198.11	1.0
172.28.209.73:56579	172.28.209.73	1.0
172.28.209.73:60804	172.28.209.73	1.0
172.28.208.188:45192	172.28.208.188	1.0
172.28.198.11:58517	172.28.198.11	1.0
172.28.211.45:54030	172.28.211.45	1.0
172.28.211.45:33024	172.28.211.45	1.0
172.28.211.45:54537	172.28.211.45	1.0
172.28.209.73:42244	172.28.209.73	1.0
172.28.198.11:55682	172.28.198.11	1.0
172.28.198.11:42420	172.28.198.11	1.0
172.28.198.11:42770	172.28.198.11	1.0
172.28.198.11:46190	172.28.198.11	1.0
172.28.208.188:47015	172.28.208.188	1.0
172.28.211.45:55215	172.28.211.45	1.0
74.123.28.4:0	74.123.28.4	1.0
172.28.211.45:43722	172.28.211.45	1.0
172.18.18.16:56348	172.18.18.16	1.0
172.28.208.188:59223	172.28.208.188	1.0
172.28.208.188:44686	172.28.208.188	1.0
172.28.211.45:60155	172.28.211.45	1.0
172.28.208.188:49324	172.28.208.188	1.0
172.28.209.73:55531	172.28.209.73	1.0
172.28.193.157:40339	172.28.193.157	1.0
172.18.18.16:56364	172.18.18.16	1.0
172.28.208.188:46802	172.28.208.188	1.0
172.28.209.73:44821	172.28.209.73	1.0
172.28.208.188:53321	172.28.208.188	1.0
172.28.198.11:35115	172.28.198.11	1.0
172.28.198.11:41965	172.28.198.11	1.0
172.28.211.45:59890	172.28.211.45	1.0
172.28.208.188:47453	172.28.208.188	1.0
172.28.198.11:41172	172.28.198.11	1.0
172.28.211.45:48322	172.28.211.45	1.0
172.28.211.45:54485	172.28.211.45	1.0
172.28.211.45:55185	172.28.211.45	1.0
172.28.193.157:58204	172.28.193.157	1.0
172.28.193.157:43248	172.28.193.157	1.0
172.28.211.45:43498	172.28.211.45	1.0
172.28.193.157:49017	172.28.193.157	1.0
172.28.193.157:48936	172.28.193.157	1.0
172.28.208.188:46980	172.28.208.188	1.0
172.28.193.157:40918	172.28.193.157	1.0
172.28.193.157:34287	172.28.193.157	1.0
172.28.198.11:51862	172.28.198.11	1.0
172.28.193.157:40181	172.28.193.157	1.0
172.28.208.188:44850	172.28.208.188	1.0
172.28.193.157:59669	172.28.193.157	1.0
172.28.193.157:51557	172.28.193.157	1.0
172.28.193.157:52582	172.28.193.157	1.0
172.28.211.45:58951	172.28.211.45	1.0
172.28.193.157:59701	172.28.193.157	1.0
172.28.209.73:41795	172.28.209.73	1.0
172.28.209.73:44420	172.28.209.73	1.0
172.28.198.11:57145	172.28.198.11	1.0
172.28.193.157:59695	172.28.193.157	1.0
172.28.208.188:47064	172.28.208.188	1.0
172.28.211.45:54489	172.28.211.45	1.0
172.28.193.157:39808	172.28.193.157	1.0
172.28.193.157:48977	172.28.193.157	1.0
172.28.193.157:53227	172.28.193.157	1.0
172.28.193.157:58677	172.28.193.157	1.0
172.28.193.157:51790	172.28.193.157	1.0
172.28.198.11:0	172.28.198.11	1.0
172.28.193.157:33634	172.28.193.157	1.0
172.28.208.188:46984	172.28.208.188	1.0
172.28.193.157:53234	172.28.193.157	1.0
172.18.18.16:56334	172.18.18.16	1.0
172.28.193.157:60534	172.28.193.157	1.0
172.28.193.157:43241	172.28.193.157	1.0
172.28.211.45:47385	172.28.211.45	1.0
172.28.198.11:56923	172.28.198.11	1.0
172.28.209.73:46267	172.28.209.73	1.0
172.28.211.45:60517	172.28.211.45	1.0
172.28.209.73:44911	172.28.209.73	1.0
172.28.198.11:55805	172.28.198.11	1.0
172.28.193.157:51924	172.28.193.157	1.0
172.28.198.11:46568	172.28.198.11	1.0
172.28.193.157:43112	172.28.193.157	1.0
172.28.193.157:33931	172.28.193.157	1.0
172.28.209.73:38831	172.28.209.73	1.0
172.28.198.11:56181	172.28.198.11	1.0
172.28.198.11:56406	172.28.198.11	1.0
172.28.209.73:55269	172.28.209.73	1.0
172.28.209.73:35582	172.28.209.73	1.0
172.28.211.45:43895	172.28.211.45	1.0
172.28.208.188:39158	172.28.208.188	1.0
172.28.193.157:41602	172.28.193.157	1.0
172.28.198.11:42234	172.28.198.11	1.0
172.28.209.73:44559	172.28.209.73	1.0
172.28.198.11:55809	172.28.198.11	1.0
172.28.211.45:60209	172.28.211.45	1.0
172.28.193.157:51928	172.28.193.157	1.0
172.28.208.188:59178	172.28.208.188	1.0
172.28.198.11:41372	172.28.198.11	1.0
172.28.198.11:34941	172.28.198.11	1.0
172.28.209.73:42305	172.28.209.73	1.0
172.28.209.73:56405	172.28.209.73	1.0
172.28.209.73:56524	172.28.209.73	1.0
172.28.198.11:59312	172.28.198.11	1.0
172.28.193.157:48981	172.28.193.157	1.0
172.28.198.11:51206	172.28.198.11	1.0
172.28.211.45:43719	172.28.211.45	1.0
172.28.211.45:59938	172.28.211.45	1.0
172.28.208.188:54701	172.28.208.188	1.0
172.28.193.157:33695	172.28.193.157	1.0
172.28.193.157:41058	172.28.193.157	1.0
172.28.209.73:44608	172.28.209.73	1.0
172.18.18.16:56383	172.18.18.16	1.0
172.28.198.11:56896	172.28.198.11	1.0
172.28.211.45:58665	172.28.211.45	1.0
172.28.211.45:53934	172.28.211.45	1.0
172.28.208.188:46928	172.28.208.188	1.0
172.28.209.73:41841	172.28.209.73	1.0
172.28.193.157:58991	172.28.193.157	1.0
172.28.211.45:60491	172.28.211.45	1.0
172.28.208.188:47179	172.28.208.188	1.0
172.28.211.45:47329	172.28.211.45	1.0
172.28.209.73:34642	172.28.209.73	1.0
172.28.193.157:41442	172.28.193.157	1.0
172.28.198.11:51230	172.28.198.11	1.0
172.28.211.45:54505	172.28.211.45	1.0
172.28.208.188:35149	172.28.208.188	1.0
172.18.18.16:56324	172.18.18.16	1.0
172.28.208.188:35143	172.28.208.188	1.0
172.28.193.157:43268	172.28.193.157	1.0
172.28.208.188:47318	172.28.208.188	1.0
172.28.211.45:33050	172.28.211.45	1.0
172.28.211.45:43725	172.28.211.45	1.0
172.28.198.11:55850	172.28.198.11	1.0
172.28.208.188:59400	172.28.208.188	1.0
172.28.198.11:41969	172.28.198.11	1.0
172.28.211.45:44494	172.28.211.45	1.0
172.28.208.188:46719	172.28.208.188	1.0
172.28.198.11:58794	172.28.198.11	1.0
172.28.208.188:58788	172.28.208.188	1.0
172.18.18.16:56357	172.18.18.16	1.0
172.28.211.45:41451	172.28.211.45	1.0
172.28.193.157:41651	172.28.193.157	1.0
172.28.208.188:46945	172.28.208.188	1.0
172.28.208.188:47395	172.28.208.188	1.0
172.28.208.188:47039	172.28.208.188	1.0
172.28.208.188:35083	172.28.208.188	1.0
172.28.209.73:7182	172.28.209.73	1.0
172.28.208.188:54702	172.28.208.188	1.0
172.28.209.73:56921	172.28.209.73	1.0
172.28.211.45:58446	172.28.211.45	1.0
172.28.208.188:45190	172.28.208.188	1.0
172.28.208.188:35003	172.28.208.188	1.0
172.28.198.11:55928	172.28.198.11	1.0
172.28.198.11:56760	172.28.198.11	1.0
172.28.193.157:43029	172.28.193.157	1.0
172.28.193.157:48929	172.28.193.157	1.0
172.28.193.157:52254	172.28.193.157	1.0
172.28.193.157:53179	172.28.193.157	1.0
172.28.209.73:42073	172.28.209.73	1.0
172.28.193.157:35561	172.28.193.157	1.0
172.28.193.157:42361	172.28.193.157	1.0
172.28.198.11:55730	172.28.198.11	1.0
172.28.193.157:44224	172.28.193.157	1.0
172.28.211.45:44981	172.28.211.45	1.0
172.28.193.157:34650	172.28.193.157	1.0
172.28.198.11:51275	172.28.198.11	1.0
172.28.209.73:9995	172.28.209.73	1.0
172.28.193.157:35563	172.28.193.157	1.0
172.28.193.157:59088	172.28.193.157	1.0
172.28.193.157:53457	172.28.193.157	1.0
172.28.211.45:44976	172.28.211.45	1.0
172.28.193.157:59095	172.28.193.157	1.0
172.28.193.157:42414	172.28.193.157	1.0
172.28.193.157:51927	172.28.193.157	1.0
172.28.193.157:35621	172.28.193.157	1.0
172.28.193.157:52340	172.28.193.157	1.0
172.28.193.157:34603	172.28.193.157	1.0
172.28.209.73:56878	172.28.209.73	1.0
172.28.211.45:59853	172.28.211.45	1.0
172.28.193.157:42547	172.28.193.157	1.0
172.28.193.157:52247	172.28.193.157	1.0
172.28.198.11:57022	172.28.198.11	1.0
172.28.193.157:33891	172.28.193.157	1.0
172.28.211.45:43791	172.28.211.45	1.0
172.28.193.157:40685	172.28.193.157	1.0
172.28.198.11:42498	172.28.198.11	1.0
172.28.198.11:60917	172.28.198.11	1.0
172.28.193.157:58806	172.28.193.157	1.0
172.28.193.157:34000	172.28.193.157	1.0
172.28.198.11:55900	172.28.198.11	1.0
172.28.193.157:34107	172.28.193.157	1.0
172.28.193.157:43101	172.28.193.157	1.0
172.28.209.73:48339	172.28.209.73	1.0
172.28.208.188:59064	172.28.208.188	1.0
172.28.211.45:43840	172.28.211.45	1.0
172.28.211.45:60090	172.28.211.45	1.0
172.28.211.45:43734	172.28.211.45	1.0
172.28.193.157:58703	172.28.193.157	1.0
172.28.209.73:59672	172.28.209.73	1.0
172.28.211.45:60366	172.28.211.45	1.0
172.28.208.188:46810	172.28.208.188	1.0
172.28.211.45:60060	172.28.211.45	1.0
172.28.193.157:50254	172.28.193.157	1.0
172.28.211.45:59879	172.28.211.45	1.0
172.28.193.157:33893	172.28.193.157	1.0
172.28.211.45:55093	172.28.211.45	1.0
172.28.211.45:40356	172.28.211.45	1.0
172.28.211.45:44806	172.28.211.45	1.0
172.28.209.73:44813	172.28.209.73	1.0
172.28.198.11:44938	172.28.198.11	1.0
172.28.193.157:58988	172.28.193.157	1.0
172.28.209.73:44901	172.28.209.73	1.0
172.28.211.45:60376	172.28.211.45	1.0
172.28.209.73:44570	172.28.209.73	1.0
172.28.198.11:56414	172.28.198.11	1.0
172.28.211.45:42327	172.28.211.45	1.0
172.28.198.11:55996	172.28.198.11	1.0
172.28.209.73:44390	172.28.209.73	1.0
172.28.211.45:45009	172.28.211.45	1.0
172.28.208.188:46609	172.28.208.188	1.0
172.28.198.11:59309	172.28.198.11	1.0
172.28.211.45:32997	172.28.211.45	1.0
172.28.198.11:55535	172.28.198.11	1.0
172.28.209.73:59160	172.28.209.73	1.0
172.28.193.157:42348	172.28.193.157	1.0
172.28.208.188:47023	172.28.208.188	1.0
172.28.208.188:46680	172.28.208.188	1.0
172.18.18.16:56406	172.18.18.16	1.0
172.28.208.188:45250	172.28.208.188	1.0
172.28.208.188:46650	172.28.208.188	1.0
172.28.209.73:56888	172.28.209.73	1.0
172.28.208.188:46757	172.28.208.188	1.0
172.28.208.188:35120	172.28.208.188	1.0
172.18.18.16:56270	172.18.18.16	1.0
172.28.198.11:57045	172.28.198.11	1.0
172.28.208.188:35039	172.28.208.188	1.0
172.28.198.11:46339	172.28.198.11	1.0
172.28.208.188:46790	172.28.208.188	1.0
172.28.208.188:46990	172.28.208.188	1.0
172.28.208.188:56690	172.28.208.188	1.0
172.28.208.188:59059	172.28.208.188	1.0
172.28.193.157:59559	172.28.193.157	1.0
172.28.193.157:60759	172.28.193.157	1.0
172.28.208.188:46703	172.28.208.188	1.0
172.28.211.45:44872	172.28.211.45	1.0
172.28.208.188:35041	172.28.208.188	1.0
172.28.193.157:42785	172.28.193.157	1.0
172.28.198.11:50010	172.28.198.11	1.0
172.28.193.157:35573	172.28.193.157	1.0
172.28.193.157:40223	172.28.193.157	1.0
172.28.193.157:58673	172.28.193.157	1.0
172.28.193.157:42717	172.28.193.157	1.0
172.28.211.45:43292	172.28.211.45	1.0
172.28.193.157:35505	172.28.193.157	1.0
172.28.193.157:43330	172.28.193.157	1.0
172.28.211.45:43380	172.28.211.45	1.0
172.28.211.45:8041	172.28.211.45	1.0
172.28.193.157:33749	172.28.193.157	1.0
172.28.193.157:33943	172.28.193.157	1.0
172.28.211.45:43962	172.28.211.45	1.0
172.28.193.157:33631	172.28.193.157	1.0
172.28.193.157:59631	172.28.193.157	1.0
172.28.193.157:42950	172.28.193.157	1.0
172.28.198.11:46925	172.28.198.11	1.0
172.28.193.157:58200	172.28.193.157	1.0
172.28.193.157:35419	172.28.193.157	1.0
172.28.209.73:58269	172.28.209.73	1.0
172.28.208.188:46863	172.28.208.188	1.0
172.28.198.11:55738	172.28.198.11	1.0
172.28.209.73:34601	172.28.209.73	1.0
172.28.211.45:41726	172.28.211.45	1.0
172.28.211.45:44389	172.28.211.45	1.0
172.28.193.157:34627	172.28.193.157	1.0
172.28.193.157:52259	172.28.193.157	1.0
172.28.193.157:53084	172.28.193.157	1.0
172.28.211.45:54597	172.28.211.45	1.0
172.28.198.11:24042	172.28.198.11	1.0
172.28.193.157:43191	172.28.193.157	1.0
172.28.208.188:46966	172.28.208.188	1.0
172.28.209.73:42205	172.28.209.73	1.0
172.28.211.45:55243	172.28.211.45	1.0
172.28.193.157:41275	172.28.193.157	1.0
172.28.198.11:55375	172.28.198.11	1.0
172.28.211.45:58150	172.28.211.45	1.0
172.28.211.45:33195	172.28.211.45	1.0
172.18.18.16:56395	172.18.18.16	1.0
172.28.198.11:59845	172.28.198.11	1.0
172.28.193.157:34202	172.28.193.157	1.0
45.127.112.2:0	45.127.112.2	1.0
172.28.193.157:41484	172.28.193.157	1.0
172.28.211.45:54334	172.28.211.45	1.0
172.28.198.11:35128	172.28.198.11	1.0
172.28.193.157:51803	172.28.193.157	1.0
172.28.211.45:36822	172.28.211.45	1.0
172.28.211.45:40247	172.28.211.45	1.0
172.28.198.11:51729	172.28.198.11	1.0
172.28.193.157:34692	172.28.193.157	1.0
172.28.209.73:56492	172.28.209.73	1.0
172.28.209.73:41724	172.28.209.73	1.0
172.28.193.157:59574	172.28.193.157	1.0
172.28.198.11:51293	172.28.198.11	1.0
172.28.208.188:46700	172.28.208.188	1.0
172.28.193.157:58669	172.28.193.157	1.0
172.28.211.45:60369	172.28.211.45	1.0
172.28.208.188:46807	172.28.208.188	1.0
172.28.208.188:59445	172.28.208.188	1.0
172.28.198.11:38889	172.28.198.11	1.0
172.28.198.11:57121	172.28.198.11	1.0
172.28.198.11:56984	172.28.198.11	1.0
172.28.211.45:43460	172.28.211.45	1.0
172.28.193.157:34354	172.28.193.157	1.0
172.28.208.188:37354	172.28.208.188	1.0
172.28.208.188:47254	172.28.208.188	1.0
172.28.208.188:47454	172.28.208.188	1.0
172.28.193.157:52248	172.28.193.157	1.0
172.28.209.73:44380	172.28.209.73	1.0
172.28.208.188:59024	172.28.208.188	1.0
172.28.198.11:35218	172.28.198.11	1.0
172.28.208.188:46881	172.28.208.188	1.0
172.28.198.11:36725	172.28.198.11	1.0
172.28.209.73:42294	172.28.209.73	1.0
172.28.198.11:55894	172.28.198.11	1.0
172.28.208.188:46788	172.28.208.188	1.0
172.28.211.45:45051	172.28.211.45	1.0
172.28.208.188:45251	172.28.208.188	1.0
172.28.211.45:44164	172.28.211.45	1.0
172.28.208.188:60127	172.28.208.188	1.0
172.28.193.157:42546	172.28.193.157	1.0
172.18.18.16:52128	172.18.18.16	1.0
172.28.193.157:59624	172.28.193.157	1.0
172.28.198.11:51312	172.28.198.11	1.0
172.28.211.45:42213	172.28.211.45	1.0
172.28.208.188:54732	172.28.208.188	1.0
172.28.193.157:52576	172.28.193.157	1.0
172.28.211.45:59945	172.28.211.45	1.0
172.28.198.11:46589	172.28.198.11	1.0
172.28.193.157:33296	172.28.193.157	1.0
172.28.193.157:42721	172.28.193.157	1.0
172.28.211.45:45096	172.28.211.45	1.0
172.28.193.157:33740	172.28.193.157	1.0
172.28.211.45:53684	172.28.211.45	1.0
172.28.193.157:59103	172.28.193.157	1.0
172.28.193.157:34872	172.28.193.157	1.0
172.18.18.16:53166	172.18.18.16	1.0
172.28.211.45:60285	172.28.211.45	1.0
172.28.198.11:56754	172.28.198.11	1.0
172.28.198.11:58529	172.28.198.11	1.0
172.28.198.11:45042	172.28.198.11	1.0
172.28.209.73:55180	172.28.209.73	1.0
172.28.193.157:32893	172.28.193.157	1.0
172.28.211.45:33393	172.28.211.45	1.0
172.28.208.188:46826	172.28.208.188	1.0
172.28.209.73:34002	172.28.209.73	1.0
172.28.198.11:55577	172.28.198.11	1.0
172.28.209.73:42340	172.28.209.73	1.0
172.28.193.157:59597	172.28.193.157	1.0
172.28.193.157:41135	172.28.193.157	1.0
172.28.193.157:52267	172.28.193.157	1.0
172.28.211.45:42361	172.28.211.45	1.0
172.28.211.45:36825	172.28.211.45	1.0
172.28.193.157:43269	172.28.193.157	1.0
172.28.208.188:45163	172.28.208.188	1.0
172.28.211.45:44495	172.28.211.45	1.0
172.28.209.73:44871	172.28.209.73	1.0
172.28.208.188:46696	172.28.208.188	1.0
172.28.209.73:55028	172.28.209.73	1.0
172.28.208.188:35047	172.28.208.188	1.0
172.28.198.11:55410	172.28.198.11	1.0
172.28.198.11:55935	172.28.198.11	1.0
172.28.198.11:35180	172.28.198.11	1.0
172.28.198.11:60030	172.28.198.11	1.0
172.28.198.11:47743	172.28.198.11	1.0
172.28.198.11:55418	172.28.198.11	1.0
172.28.211.45:44362	172.28.211.45	1.0
172.28.211.45:58538	172.28.211.45	1.0
172.28.211.45:47383	172.28.211.45	1.0
172.28.211.45:58952	172.28.211.45	1.0
172.28.208.188:0	172.28.208.188	1.0
172.28.193.157:34659	172.28.193.157	1.0
172.28.198.11:44985	172.28.198.11	1.0
172.28.193.157:58704	172.28.193.157	1.0
172.28.193.157:53273	172.28.193.157	1.0
172.28.211.45:55136	172.28.211.45	1.0
172.28.193.157:60836	172.28.193.157	1.0
172.28.198.11:35055	172.28.198.11	1.0
172.28.208.188:13562	172.28.208.188	1.0
172.28.193.157:41775	172.28.193.157	1.0
172.28.211.45:44750	172.28.211.45	1.0
172.28.193.157:40119	172.28.193.157	1.0
172.28.193.157:43094	172.28.193.157	1.0
172.28.193.157:41363	172.28.193.157	1.0
172.28.211.45:53688	172.28.211.45	1.0
172.28.211.45:43632	172.28.211.45	1.0
172.18.18.16:56301	172.18.18.16	1.0
172.28.193.157:42720	172.28.193.157	1.0
172.28.198.11:44989	172.28.198.11	1.0
172.28.211.45:54458	172.28.211.45	1.0
171.66.97.126	171.66.97.126:0	1.0
172.28.209.73:33903	172.28.209.73	1.0
172.28.198.11:51253	172.28.198.11	1.0
172.28.193.157:42022	172.28.193.157	1.0
172.28.193.157:51685	172.28.193.157	1.0
172.28.211.45:43286	172.28.211.45	1.0
172.28.209.73:49530	172.28.209.73	1.0
172.28.198.11:37049	172.28.198.11	1.0
172.28.211.45:43374	172.28.211.45	1.0
172.28.211.45:43293	172.28.211.45	1.0
172.28.193.157:13562	172.28.193.157	1.0
172.28.198.11:42719	172.28.198.11	1.0
172.28.209.73:56570	172.28.209.73	1.0
172.28.198.11:60920	172.28.198.11	1.0
172.28.198.11:56783	172.28.198.11	1.0
172.28.198.11:37052	172.28.198.11	1.0
172.28.193.157:34396	172.28.193.157	1.0
172.28.198.11:57021	172.28.198.11	1.0
172.28.211.45:60696	172.28.211.45	1.0
172.28.193.157:44090	172.28.193.157	1.0
172.28.211.45:60248	172.28.211.45	1.0
172.28.193.157:52568	172.28.193.157	1.0
172.28.193.157:35275	172.28.193.157	1.0
172.28.211.45:49494	172.28.211.45	1.0
172.28.208.188:53344	172.28.208.188	1.0
172.28.209.73:55257	172.28.209.73	1.0
172.28.193.157:39745	172.28.193.157	1.0
172.28.211.45:54395	172.28.211.45	1.0
172.28.198.11:55802	172.28.198.11	1.0
172.28.208.188:59115	172.28.208.188	1.0
172.28.211.45:55309	172.28.211.45	1.0
172.28.209.73:56478	172.28.209.73	1.0
172.28.193.157:40941	172.28.193.157	1.0
172.28.211.45:42229	172.28.211.45	1.0
172.28.198.11:51304	172.28.198.11	1.0
172.28.208.188:59479	172.28.208.188	1.0
172.28.198.11:34998	172.28.198.11	1.0
172.28.209.73:44098	172.28.209.73	1.0
172.28.209.73:58192	172.28.209.73	1.0
172.28.208.188:60342	172.28.208.188	1.0
172.28.211.45:58211	172.28.211.45	1.0
172.28.209.73:2181	172.28.209.73	1.0
172.28.211.45:43556	172.28.211.45	1.0
172.28.208.188:47050	172.28.208.188	1.0
172.28.198.11:56000	172.28.198.11	1.0
172.28.198.11:56525	172.28.198.11	1.0
172.28.211.45:43644	172.28.211.45	1.0
172.28.198.11:45044	172.28.198.11	1.0
172.18.18.16:56344	172.18.18.16	1.0
172.28.209.73:41888	172.28.209.73	1.0
172.28.209.73:44513	172.28.209.73	1.0
172.28.211.45:59957	172.28.211.45	1.0
172.28.211.45:33120	172.28.211.45	1.0
172.28.211.45:54570	172.28.211.45	1.0
172.28.208.188:35114	172.28.208.188	1.0
172.28.208.188:46864	172.28.208.188	1.0
172.28.211.45:54578	172.28.211.45	1.0
172.28.211.45:44047	172.28.211.45	1.0
172.28.209.73:37366	172.28.209.73	1.0
172.18.18.16:53254	172.18.18.16	1.0
172.28.193.157:41173	172.28.193.157	1.0
172.28.208.188:47123	172.28.208.188	1.0
172.28.211.45:41717	172.28.211.45	1.0
172.28.198.11:42280	172.28.198.11	1.0
172.28.193.157:59005	172.28.193.157	1.0
172.28.198.11:56218	172.28.198.11	1.0
172.18.18.16:56293	172.18.18.16	1.0
172.28.198.11:55381	172.28.198.11	1.0
172.28.198.11:42875	172.28.198.11	1.0
172.28.211.45:43625	172.28.211.45	1.0
172.18.18.16:53250	172.18.18.16	1.0
172.28.211.45:54544	172.28.211.45	1.0
172.28.193.157:41507	172.28.193.157	1.0
172.28.209.73:41751	172.28.209.73	1.0
172.28.198.11:35145	172.28.198.11	1.0
172.28.198.11:40714	172.28.198.11	1.0
172.28.193.157:42658	172.28.193.157	1.0
172.28.211.45:44846	172.28.211.45	1.0
172.28.193.157:53215	172.28.193.157	1.0
172.28.193.157:34203	172.28.193.157	1.0
172.28.193.157:39678	172.28.193.157	1.0
172.28.193.157:59703	172.28.193.157	1.0
172.18.18.16:56297	172.18.18.16	1.0
172.28.198.11:58522	172.28.198.11	1.0
172.28.193.157:48041	172.28.193.157	1.0
172.28.209.73:57741	172.28.209.73	1.0
172.28.211.45:42373	172.28.211.45	1.0
172.28.211.45:47330	172.28.211.45	1.0
172.28.198.11:8041	172.28.198.11	1.0
172.28.211.45:42274	172.28.211.45	1.0
172.28.193.157:43174	172.28.193.157	1.0
172.28.209.73:57924	172.28.209.73	1.0
172.28.211.45:43118	172.28.211.45	1.0
172.28.209.73:56493	172.28.209.73	1.0
172.28.193.157:44087	172.28.193.157	1.0
172.28.211.45:47444	172.28.211.45	1.0
172.28.198.11:34938	172.28.198.11	1.0
172.28.193.157:42782	172.28.193.157	1.0
172.28.211.45:43914	172.28.211.45	1.0
172.28.211.45:43808	172.28.211.45	1.0
172.28.211.45:45002	172.28.211.45	1.0
172.28.209.73:56402	172.28.209.73	1.0
172.28.209.73:44771	172.28.209.73	1.0
172.28.208.188:59446	172.28.208.188	1.0
172.28.198.11:44984	172.28.198.11	1.0
172.28.193.157:52484	172.28.193.157	1.0
172.28.208.188:59134	172.28.208.188	1.0
172.28.193.157:34903	172.28.193.157	1.0
172.28.198.11:56053	172.28.198.11	1.0
172.28.193.157:33997	172.28.193.157	1.0
172.28.193.157:52172	172.28.193.157	1.0
172.28.208.188:57316	172.28.208.188	1.0
172.28.193.157:53260	172.28.193.157	1.0
172.28.193.157:53367	172.28.193.157	1.0
172.28.209.73:50593	172.28.209.73	1.0
172.28.208.188:46887	172.28.208.188	1.0
172.28.211.45:42244	172.28.211.45	1.0
172.28.211.45:43982	172.28.211.45	1.0
172.28.209.73:41801	172.28.209.73	1.0
172.28.209.73:44820	172.28.209.73	1.0
172.28.208.188:35139	172.28.208.188	1.0
172.28.209.73:50108	172.28.209.73	1.0
172.28.198.11:58883	172.28.198.11	1.0
172.28.198.11:56852	172.28.198.11	1.0
172.28.211.45:55190	172.28.211.45	1.0
172.28.209.73:42228	172.28.209.73	1.0
172.28.211.45:43673	172.28.211.45	1.0
172.28.198.11:60962	172.28.198.11	1.0
172.28.209.73:45631	172.28.209.73	1.0
172.28.193.157:43019	172.28.193.157	1.0
172.28.209.73:44601	172.28.209.73	1.0
172.28.193.157:59001	172.28.193.157	1.0
172.28.208.188:47195	172.28.208.188	1.0
172.18.18.16:56339	172.18.18.16	1.0
172.28.211.45:40296	172.28.211.45	1.0
172.28.211.45:43321	172.28.211.45	1.0
172.28.208.188:46621	172.28.208.188	1.0
172.28.211.45:43640	172.28.211.45	1.0
172.28.193.157:33834	172.28.193.157	1.0
172.28.208.188:46728	172.28.208.188	1.0
172.18.18.16:56272	172.18.18.16	1.0
172.28.193.157:58716	172.28.193.157	1.0
172.28.193.157:39085	172.28.193.157	1.0
172.28.193.157:34473	172.28.193.157	1.0
172.28.193.157:58498	172.28.193.157	1.0
172.28.193.157:59662	172.28.193.157	1.0
172.28.193.157:59569	172.28.193.157	1.0
172.28.198.11:59844	172.28.198.11	1.0
172.28.193.157:41126	172.28.193.157	1.0
172.28.209.73:42345	172.28.209.73	1.0
172.28.211.45:49490	172.28.211.45	1.0
172.28.193.157:41678	172.28.193.157	1.0
172.28.193.157:48053	172.28.193.157	1.0
172.28.198.11:55654	172.28.198.11	1.0
172.28.209.73:56486	172.28.209.73	1.0
172.28.211.45:59937	172.28.211.45	1.0
172.28.211.45:43763	172.28.211.45	1.0
172.28.193.157:54813	172.28.193.157	1.0
172.28.198.11:57146	172.28.198.11	1.0
172.28.209.73:44603	172.28.209.73	1.0
172.28.208.188:46903	172.28.208.188	1.0
172.28.211.45:43560	172.28.211.45	1.0
172.28.211.45:50010	172.28.211.45	1.0
172.28.198.11:35004	172.28.198.11	1.0
172.28.193.157:42954	172.28.193.157	1.0
172.28.211.45:44754	172.28.211.45	1.0
172.28.209.73:55448	172.28.209.73	1.0
172.28.211.45:60024	172.28.211.45	1.0
172.28.209.73:58012	172.28.209.73	1.0
172.28.211.45:43456	172.28.211.45	1.0
172.28.198.11:35082	172.28.198.11	1.0
172.28.211.45:60127	172.28.211.45	1.0
172.28.193.157:35671	172.28.193.157	1.0
172.28.198.11:46590	172.28.198.11	1.0
172.28.193.157:58115	172.28.193.157	1.0
172.28.209.73:57066	172.28.209.73	1.0
172.28.193.157:59541	172.28.193.157	1.0
172.28.211.45:59836	172.28.211.45	1.0
172.28.198.11:13562	172.28.198.11	1.0
172.28.208.188:46687	172.28.208.188	1.0
172.18.18.16:56306	172.18.18.16	1.0
172.28.211.45:44975	172.28.211.45	1.0
172.28.211.45:42320	172.28.211.45	1.0
172.28.211.45:43846	172.28.211.45	1.0
172.28.209.73:44391	172.28.209.73	1.0
172.28.193.157:51792	172.28.193.157	1.0
172.28.193.157:42661	172.28.193.157	1.0
172.28.193.157:39455	172.28.193.157	1.0
172.28.193.157:34224	172.28.193.157	1.0
172.28.193.157:35349	172.28.193.157	1.0
172.28.193.157:33693	172.28.193.157	1.0
172.28.193.157:58993	172.28.193.157	1.0
172.28.193.157:51562	172.28.193.157	1.0
172.28.198.11:41375	172.28.198.11	1.0
172.28.193.157:58675	172.28.193.157	1.0
172.28.193.157:43944	172.28.193.157	1.0
172.28.193.157:34138	172.28.193.157	1.0
172.28.193.157:52082	172.28.193.157	1.0
172.28.208.188:46926	172.28.208.188	1.0
172.28.208.188:44795	172.28.208.188	1.0
172.28.198.11:59345	172.28.198.11	1.0
172.28.209.73:22	172.28.209.73	1.0
172.28.193.157:41577	172.28.193.157	1.0
172.28.193.157:41715	172.28.193.157	1.0
172.28.211.45:0	172.28.211.45	1.0
172.28.193.157:34059	172.28.193.157	1.0
172.28.211.45:44934	172.28.211.45	1.0
172.28.193.157:34478	172.28.193.157	1.0
172.28.193.157:52328	172.28.193.157	1.0
172.28.209.73:56403	172.28.209.73	1.0
172.28.193.157:35516	172.28.193.157	1.0
172.28.193.157:35485	172.28.193.157	1.0
172.28.198.11:47411	172.28.198.11	1.0
172.28.211.45:44805	172.28.211.45	1.0
172.28.208.188:53349	172.28.208.188	1.0
172.28.208.188:56281	172.28.208.188	1.0
172.28.211.45:54569	172.28.211.45	1.0
172.28.198.11:41163	172.28.198.11	1.0
172.28.198.11:58370	172.28.198.11	1.0
172.28.198.11:46289	172.28.198.11	1.0
172.28.209.73:55258	172.28.209.73	1.0
172.28.209.73:44540	172.28.209.73	1.0
172.28.193.157:48953	172.28.193.157	1.0
172.28.198.11:50422	172.28.198.11	1.0
172.28.209.73:42241	172.28.209.73	1.0
172.28.198.11:34999	172.28.198.11	1.0
172.28.198.11:42763	172.28.198.11	1.0
172.28.211.45:44163	172.28.211.45	1.0
172.28.198.11:55688	172.28.198.11	1.0
172.28.193.157:49007	172.28.193.157	1.0
172.28.193.157:58108	172.28.193.157	1.0
172.28.193.157:41102	172.28.193.157	1.0
172.28.208.188:37353	172.28.208.188	1.0
172.28.211.45:43835	172.28.211.45	1.0
172.28.198.11:42229	172.28.198.11	1.0
172.28.208.188:47029	172.28.208.188	1.0
172.28.193.157:35223	172.28.193.157	1.0
172.28.198.11:55380	172.28.198.11	1.0
172.28.198.11:56918	172.28.198.11	1.0
172.28.209.73:55256	172.28.209.73	1.0
172.28.208.188:56431	172.28.208.188	1.0
172.28.208.188:47044	172.28.208.188	1.0
172.28.208.188:59169	172.28.208.188	1.0
172.28.193.157:35638	172.28.193.157	1.0
172.28.208.188:35001	172.28.208.188	1.0
172.28.209.73:44458	172.28.209.73	1.0
172.28.209.73:34477	172.28.209.73	1.0
172.28.208.188:47021	172.28.208.188	1.0
172.28.208.188:44815	172.28.208.188	1.0
172.28.209.73:51928	172.28.209.73	1.0
172.28.198.11:35166	172.28.198.11	1.0
172.28.193.157:40166	172.28.193.157	1.0
172.28.198.11:56054	172.28.198.11	1.0
172.28.193.157:59704	172.28.193.157	1.0
172.28.193.157:52173	172.28.193.157	1.0
172.28.211.45:43911	172.28.211.45	1.0
172.28.193.157:58905	172.28.193.157	1.0
172.28.193.157:34599	172.28.193.157	1.0
172.28.198.11:47474	172.28.198.11	1.0
172.28.198.11:59374	172.28.198.11	1.0
172.28.193.157:39662	172.28.193.157	1.0
172.28.193.157:58712	172.28.193.157	1.0
172.28.193.157:59006	172.28.193.157	1.0
172.28.193.157:42475	172.28.193.157	1.0
172.28.193.157:59644	172.28.193.157	1.0
172.28.193.157:34988	172.28.193.157	1.0
172.28.193.157:41813	172.28.193.157	1.0
172.28.193.157:51488	172.28.193.157	1.0
172.28.193.157:58407	172.28.193.157	1.0
172.28.193.157:34176	172.28.193.157	1.0
172.28.193.157:34283	172.28.193.157	1.0
172.28.193.157:33802	172.28.193.157	1.0
172.28.193.157:52452	172.28.193.157	1.0
172.28.193.157:33996	172.28.193.157	1.0
172.28.211.45:42390	172.28.211.45	1.0
172.28.211.45:58265	172.28.211.45	1.0
172.28.198.11:56784	172.28.198.11	1.0
172.28.198.11:35228	172.28.198.11	1.0
172.28.211.45:54553	172.28.211.45	1.0
172.28.193.157:41141	172.28.193.157	1.0
172.28.193.157:53291	172.28.193.157	1.0
172.28.211.45:54510	172.28.211.45	1.0
172.28.193.157:35379	172.28.193.157	1.0
172.28.209.73:56574	172.28.209.73	1.0
172.28.211.45:59874	172.28.211.45	1.0
172.28.209.73:44816	172.28.209.73	1.0
172.28.193.157:53235	172.28.193.157	1.0
172.28.198.11:41331	172.28.198.11	1.0
172.28.209.73:50438	172.28.209.73	1.0
172.28.198.11:60963	172.28.198.11	1.0
172.28.211.45:60132	172.28.211.45	1.0
172.28.209.73:57895	172.28.209.73	1.0
172.28.198.11:59352	172.28.198.11	1.0
172.28.211.45:23001	172.28.211.45	1.0
172.28.198.11:41959	172.28.198.11	1.0
172.28.211.45:40297	172.28.211.45	1.0
172.28.198.11:42735	172.28.198.11	1.0
172.28.198.11:55685	172.28.198.11	1.0
172.28.209.73:34367	172.28.209.73	1.0
172.28.193.157:51492	172.28.193.157	1.0
172.28.208.188:46955	172.28.208.188	1.0
172.28.193.157:8041	172.28.193.157	1.0
172.28.208.188:45193	172.28.208.188	1.0
172.28.211.45:44113	172.28.211.45	1.0
172.28.198.11:23000	172.28.198.11	1.0
172.28.198.11:45026	172.28.198.11	1.0
172.28.198.11:59326	172.28.198.11	1.0
172.28.193.157:59702	172.28.193.157	1.0
172.28.208.188:35146	172.28.208.188	1.0
172.28.198.11:42728	172.28.198.11	1.0
172.28.208.188:56322	172.28.208.188	1.0
172.28.198.11:51185	172.28.198.11	1.0
172.28.193.157:58810	172.28.193.157	1.0
172.28.211.45:54029	172.28.211.45	1.0
172.28.193.157:35617	172.28.193.157	1.0
172.28.209.73:44536	172.28.209.73	1.0
172.28.193.157:49049	172.28.193.157	1.0
172.28.211.45:47443	172.28.211.45	1.0
172.28.193.157:43375	172.28.193.157	1.0
172.28.209.73:44800	172.28.209.73	1.0
172.28.193.157:53475	172.28.193.157	1.0
172.28.193.157:58975	172.28.193.157	1.0
172.28.193.157:42357	172.28.193.157	1.0
172.28.193.157:51551	172.28.193.157	1.0
172.28.193.157:49045	172.28.193.157	1.0
172.28.198.11:55895	172.28.198.11	1.0
172.28.198.11:43539	172.28.198.11	1.0
172.28.193.157:52264	172.28.193.157	1.0
172.28.193.157:59602	172.28.193.157	1.0
172.28.193.157:43428	172.28.193.157	1.0
172.28.193.157:34141	172.28.193.157	1.0
172.28.198.11:44941	172.28.198.11	1.0
172.28.211.45:60179	172.28.211.45	1.0
172.28.198.11:56123	172.28.198.11	1.0
172.28.211.45:59867	172.28.211.45	1.0
172.28.198.11:42780	172.28.198.11	1.0
172.28.198.11:59955	172.28.198.11	1.0
172.28.211.45:54518	172.28.211.45	1.0
172.28.198.11:56956	172.28.198.11	1.0
172.28.211.45:43125	172.28.211.45	1.0
172.28.211.45:60025	172.28.211.45	1.0
172.28.211.45:54451	172.28.211.45	1.0
172.28.193.157:34352	172.28.193.157	1.0
172.28.211.45:58646	172.28.211.45	1.0
172.28.209.73:56916	172.28.209.73	1.0
172.28.193.157:43111	172.28.193.157	1.0
172.28.211.45:44136	172.28.211.45	1.0
172.28.198.11:34874	172.28.198.11	1.0
172.28.211.45:45049	172.28.211.45	1.0
172.28.198.11:41225	172.28.198.11	1.0
172.28.193.157:52319	172.28.193.157	1.0
172.28.208.188:39157	172.28.208.188	1.0
172.28.198.11:42796	172.28.198.11	1.0
172.28.193.157:33934	172.28.193.157	1.0
172.28.211.45:47384	172.28.211.45	1.0
172.28.209.73:51828	172.28.209.73	1.0
172.28.198.11:35066	172.28.198.11	1.0
172.28.208.188:54704	172.28.208.188	1.0
172.28.209.73:55186	172.28.209.73	1.0
172.28.211.45:23000	172.28.211.45	1.0
172.28.211.45:51032	172.28.211.45	1.0
172.28.208.188:56420	172.28.208.188	1.0
172.28.211.45:60070	172.28.211.45	1.0
172.28.193.157:51690	172.28.193.157	1.0
172.28.193.157:51797	172.28.193.157	1.0
172.28.209.73:41711	172.28.209.73	1.0
172.28.211.45:43461	172.28.211.45	1.0
172.28.211.45:60561	172.28.211.45	1.0
172.28.198.11:56162	172.28.198.11	1.0
172.28.193.157:41650	172.28.193.157	1.0
172.28.211.45:43375	172.28.211.45	1.0
172.28.211.45:43588	172.28.211.45	1.0
172.28.193.157:51563	172.28.193.157	1.0
172.28.198.11:56757	172.28.198.11	1.0
172.28.193.157:53226	172.28.193.157	1.0
172.28.193.157:41133	172.28.193.157	1.0
172.28.193.157:58815	172.28.193.157	1.0
172.28.198.11:23001	172.28.198.11	1.0
172.28.193.157:40741	172.28.193.157	1.0
172.28.209.73:34710	172.28.209.73	1.0
172.28.209.73:7051	172.28.209.73	1.0
172.28.198.11:42773	172.28.198.11	1.0
172.28.209.73:57986	172.28.209.73	1.0
172.28.211.45:43594	172.28.211.45	1.0
172.28.193.157:39515	172.28.193.157	1.0
172.28.198.11:55728	172.28.198.11	1.0
172.28.211.45:54547	172.28.211.45	1.0
172.28.198.11:55930	172.28.198.11	1.0
172.28.209.73:7184	172.28.209.73	1.0
172.28.193.157:59718	172.28.193.157	1.0
172.28.211.45:59725	172.28.211.45	1.0
172.28.211.45:44851	172.28.211.45	1.0
172.28.193.157:42716	172.28.193.157	1.0
172.28.208.188:46804	172.28.208.188	1.0
172.28.198.11:42823	172.28.198.11	1.0
172.28.198.11:56037	172.28.198.11	1.0
172.28.198.11:59825	172.28.198.11	1.0
172.28.193.157:34288	172.28.193.157	1.0
172.28.211.45:43707	172.28.211.45	1.0
172.28.209.73:34558	172.28.209.73	1.0
172.28.193.157:40346	172.28.193.157	1.0
172.28.198.11:46290	172.28.198.11	1.0
172.28.198.11:56165	172.28.198.11	1.0
172.28.208.188:56365	172.28.208.188	1.0
172.28.208.1	172.28.208.1:0	1.0
172.28.208.188:47403	172.28.208.188	1.0
172.28.198.11:50703	172.28.198.11	1.0
172.28.211.45:43772	172.28.211.45	1.0
172.28.193.157:51991	172.28.193.157	1.0
172.28.208.188:53342	172.28.208.188	1.0
172.28.198.11:32786	172.28.198.11	1.0
172.28.198.11:57024	172.28.198.11	1.0
172.28.193.157:52393	172.28.193.157	1.0
172.28.193.157:35613	172.28.193.157	1.0
172.28.198.11:47863	172.28.198.11	1.0
172.28.193.157:53163	172.28.193.157	1.0
172.28.193.157:59638	172.28.193.157	1.0
172.28.198.11:55932	172.28.198.11	1.0
172.28.209.73:44745	172.28.209.73	1.0
172.28.193.157:22	172.28.193.157	1.0
172.28.198.11:58577	172.28.198.11	1.0
172.28.209.73:55046	172.28.209.73	1.0
4.53.160.75	4.53.160.75:0	1.0
172.28.193.157:42353	172.28.193.157	1.0
172.28.211.45:59948	172.28.211.45	1.0
172.28.193.157:33630	172.28.193.157	1.0
172.28.211.45:33306	172.28.211.45	1.0
172.28.193.157:40913	172.28.193.157	1.0
172.28.208.188:56252	172.28.208.188	1.0
172.28.193.157:42940	172.28.193.157	1.0
172.28.198.11:44940	172.28.198.11	1.0
172.28.209.73:33873	172.28.209.73	1.0
172.28.193.157:51493	172.28.193.157	1.0
172.28.208.188:22	172.28.208.188	1.0
172.28.209.73:48121	172.28.209.73	1.0
172.28.193.157:40053	172.28.193.157	1.0
172.28.211.45:13562	172.28.211.45	1.0
172.28.209.73:55263	172.28.209.73	1.0
172.28.211.45:40245	172.28.211.45	1.0
172.28.211.45:59795	172.28.211.45	1.0
172.28.198.11:56983	172.28.198.11	1.0
172.28.208.188:59284	172.28.208.188	1.0
172.28.208.188:56316	172.28.208.188	1.0
172.28.209.73:55660	172.28.209.73	1.0
172.28.193.157:39517	172.28.193.157	1.0
172.28.193.157:34161	172.28.193.157	1.0
172.28.193.157:41638	172.28.193.157	1.0
172.28.211.45:47333	172.28.211.45	1.0
172.28.211.45:60440	172.28.211.45	1.0
172.28.211.45:44084	172.28.211.45	1.0
172.28.198.11:56128	172.28.198.11	1.0
172.28.211.45:43642	172.28.211.45	1.0
172.28.211.45:53968	172.28.211.45	1.0
172.28.209.73:9997	172.28.209.73	1.0
172.28.211.45:44728	172.28.211.45	1.0
172.28.208.188:56241	172.28.208.188	1.0
172.28.208.188:46829	172.28.208.188	1.0
172.28.208.188:44698	172.28.208.188	1.0
172.28.198.11:41405	172.28.198.11	1.0
172.28.211.45:43324	172.28.211.45	1.0
172.28.211.45:60206	172.28.211.45	1.0
172.28.208.188:46726	172.28.208.188	1.0
172.28.211.45:55240	172.28.211.45	1.0
172.28.209.73:55084	172.28.209.73	1.0
172.28.211.45:43985	172.28.211.45	1.0
172.28.209.73:34330	172.28.209.73	1.0
172.28.208.188:59149	172.28.208.188	1.0
172.28.211.45:40300	172.28.211.45	1.0
172.28.193.157:43682	172.28.193.157	1.0
172.28.211.45:36820	172.28.211.45	1.0
172.18.18.16:56258	172.18.18.16	1.0
172.18.18.16:56384	172.18.18.16	1.0
172.28.209.73:41898	172.28.209.73	1.0
172.28.193.157:33642	172.28.193.157	1.0
172.28.211.45:33231	172.28.211.45	1.0
172.28.193.157:39083	172.28.193.157	1.0
172.28.193.157:23001	172.28.193.157	1.0
172.28.208.188:46878	172.28.208.188	1.0
172.28.193.157:34529	172.28.193.157	1.0
172.28.211.45:60186	172.28.211.45	1.0
172.28.211.45:43899	172.28.211.45	1.0
172.28.209.73:44801	172.28.209.73	1.0
172.28.211.45:44933	172.28.211.45	1.0
172.28.198.11:55683	172.28.198.11	1.0
172.28.198.11:56196	172.28.198.11	1.0
172.28.211.45:44723	172.28.211.45	1.0
172.28.198.11:35237	172.28.198.11	1.0
172.28.198.11:56063	172.28.198.11	1.0
172.28.198.11:55376	172.28.198.11	1.0
172.28.211.45:58690	172.28.211.45	1.0
172.28.193.157:33691	172.28.193.157	1.0
172.28.209.73:44466	172.28.209.73	1.0
172.28.193.157:51867	172.28.193.157	1.0
172.28.193.157:60968	172.28.193.157	1.0
172.28.211.45:43750	172.28.211.45	1.0
172.28.193.157:34057	172.28.193.157	1.0
172.28.208.188:54721	172.28.208.188	1.0
172.28.209.73:55047	172.28.209.73	1.0
172.28.193.157:59579	172.28.193.157	1.0
172.28.209.73:45049	172.28.209.73	1.0
172.28.193.157:43018	172.28.193.157	1.0
172.28.193.157:51613	172.28.193.157	1.0
172.28.193.157:51620	172.28.193.157	1.0
172.28.193.157:52552	172.28.193.157	1.0
172.28.198.11:55646	172.28.198.11	1.0
172.28.209.73:44828	172.28.209.73	1.0
172.28.193.157:34411	172.28.193.157	1.0
172.28.209.73:8031	172.28.209.73	1.0
172.28.193.157:35811	172.28.193.157	1.0
172.28.193.157:42781	172.28.193.157	1.0
172.28.209.73:51631	172.28.209.73	1.0
172.28.211.45:43713	172.28.211.45	1.0
172.28.211.45:44091	172.28.211.45	1.0
172.28.198.11:47637	172.28.198.11	1.0
172.28.209.73:41800	172.28.209.73	1.0
172.28.208.188:46783	172.28.208.188	1.0
172.28.208.188:53322	172.28.208.188	1.0
172.18.18.16:56316	172.18.18.16	1.0
172.28.198.11:35192	172.28.198.11	1.0
172.28.209.73:56580	172.28.209.73	1.0
172.28.193.157:51618	172.28.193.157	1.0
172.28.193.157:42550	172.28.193.157	1.0
172.28.193.157:58119	172.28.193.157	1.0
172.28.193.157:42657	172.28.193.157	1.0
172.28.193.157:57082	172.28.193.157	1.0
172.28.211.45:58207	172.28.211.45	1.0
172.28.193.157:35226	172.28.193.157	1.0
172.28.198.11:55851	172.28.198.11	1.0
172.28.193.157:53302	172.28.193.157	1.0
172.28.198.11:50434	172.28.198.11	1.0
172.28.193.157:43947	172.28.193.157	1.0
172.28.193.157:43192	172.28.193.157	1.0
172.28.211.45:41457	172.28.211.45	1.0
172.28.209.73:55603	172.28.209.73	1.0
172.28.193.157:48963	172.28.193.157	1.0
172.28.198.11:22	172.28.198.11	1.0
172.28.198.11:34872	172.28.198.11	1.0
172.28.208.188:46681	172.28.208.188	1.0
172.28.208.188:56288	172.28.208.188	1.0
172.28.208.188:54703	172.28.208.188	1.0
172.28.211.45:60305	172.28.211.45	1.0
172.28.208.188:47031	172.28.208.188	1.0
172.28.193.157:52169	172.28.193.157	1.0
172.28.211.45:42301	172.28.211.45	1.0
10.17.181.104:0	10.17.181.104	1.0
172.28.198.11:56247	172.28.198.11	1.0
172.28.209.73:42386	172.28.209.73	1.0
172.28.198.11:42650	172.28.198.11	1.0
172.28.208.188:56665	172.28.208.188	1.0
172.28.193.157:35348	172.28.193.157	1.0
172.28.198.11:56126	172.28.198.11	1.0
172.28.209.73:55690	172.28.209.73	1.0
172.28.211.45:43709	172.28.211.45	1.0
172.28.208.188:44658	172.28.208.188	1.0
172.28.198.11:32784	172.28.198.11	1.0
172.28.208.188:59104	172.28.208.188	1.0
172.28.209.73:8020	172.28.209.73	1.0
172.28.209.73:44585	172.28.209.73	1.0
172.28.198.11:42738	172.28.198.11	1.0
172.28.211.45:43720	172.28.211.45	1.0
172.18.18.16:56396	172.18.18.16	1.0
172.28.209.73:37485	172.28.209.73	1.0
172.28.198.11:59298	172.28.198.11	1.0
172.28.211.45:58531	172.28.211.45	1.0
172.28.211.45:53932	172.28.211.45	1.0
172.28.211.45:54477	172.28.211.45	1.0
