172.28.208.188:53610	172.28.208.188	1.0
172.28.208.188	172.28.208.188:44337	1.0
172.28.208.188	172.28.208.188:47478	1.0
172.28.193.157	172.28.193.157:45086	1.0
172.28.193.157	172.28.193.157:36808	1.0
172.28.193.157:60810	172.28.193.157	1.0
172.28.211.45	172.28.211.45:51829	1.0
172.28.209.73:60148	172.28.209.73	1.0
172.28.198.11	172.28.198.11:40061	1.0
172.28.198.11	172.28.198.11:34792	1.0
172.28.198.11	172.28.198.11:45152	1.0
172.28.208.188:42068	172.28.208.188	1.0
172.28.198.11:50068	172.28.198.11	1.0
172.28.211.45:52837	172.28.211.45	1.0
172.28.208.188:53950	172.28.208.188	1.0
172.28.198.11:49888	172.28.198.11	1.0
172.28.211.45:48182	172.28.211.45	1.0
172.18.18.16:55701	172.18.18.16	1.0
172.28.198.11:46595	172.28.198.11	1.0
172.28.208.188:47358	172.28.208.188	1.0
172.28.198.11:52727	172.28.198.11	1.0
172.28.193.157:55977	172.28.193.157	1.0
172.28.198.11:48946	172.28.198.11	1.0
172.28.198.11:49840	172.28.198.11	1.0
172.28.193.157:35953	172.28.193.157	1.0
172.28.208.188:44616	172.28.208.188	1.0
172.28.193.157:34085	172.28.193.157	1.0
172.28.198.11:35129	172.28.198.11	1.0
172.28.193.157:34636	172.28.193.157	1.0
172.28.193.157:56186	172.28.193.157	1.0
172.28.193.157:35880	172.28.193.157	1.0
172.28.193.157:55880	172.28.193.157	1.0
172.18.18.16:55674	172.18.18.16	1.0
172.28.193.157:33293	172.28.193.157	1.0
172.28.193.157:34393	172.28.193.157	1.0
172.28.211.45:48468	172.28.211.45	1.0
172.28.209.73:49531	172.28.209.73	1.0
172.28.193.157:45100	172.28.193.157	1.0
172.28.193.157:45694	172.28.193.157	1.0
172.28.193.157:56132	172.28.193.157	1.0
172.28.193.157:34576	172.28.193.157	1.0
172.28.198.11:52001	172.28.198.11	1.0
172.28.209.73:48095	172.28.209.73	1.0
172.28.193.157:51720	172.28.193.157	1.0
172.28.193.157:54995	172.28.193.157	1.0
172.28.193.157:34171	172.28.193.157	1.0
172.28.211.45:52221	172.28.211.45	1.0
172.28.193.157:36315	172.28.193.157	1.0
172.28.193.157:51634	172.28.193.157	1.0
172.28.211.45:37028	172.28.211.45	1.0
172.28.193.157:33372	172.28.193.157	1.0
172.28.193.157:51641	172.28.193.157	1.0
172.28.208.188:53991	172.28.208.188	1.0
172.28.209.73:54048	172.28.209.73	1.0
172.28.208.188:45461	172.28.208.188	1.0
172.28.193.157:34055	172.28.193.157	1.0
172.28.198.11:48980	172.28.198.11	1.0
172.28.209.73:52868	172.28.209.73	1.0
172.28.193.157:55818	172.28.193.157	1.0
172.28.211.45:53487	172.28.211.45	1.0
172.28.208.188:42525	172.28.208.188	1.0
172.28.208.188:53969	172.28.208.188	1.0
172.28.198.11:39795	172.28.198.11	1.0
172.28.211.45:37339	172.28.211.45	1.0
172.28.211.45:22	172.28.211.45	1.0
172.28.193.157:56202	172.28.193.157	1.0
172.28.209.73:39490	172.28.209.73	1.0
172.28.193.157:55609	172.28.193.157	1.0
172.28.208.188:44347	172.28.208.188	1.0
172.28.211.45:52266	172.28.211.45	1.0
172.28.211.45:37385	172.28.211.45	1.0
172.28.208.188:44735	172.28.208.188	1.0
172.28.208.188:45435	172.28.208.188	1.0
172.28.211.45:60392	172.28.211.45	1.0
172.28.211.45:47399	172.28.211.45	1.0
172.28.209.73:48774	172.28.209.73	1.0
172.28.208.188:44218	172.28.208.188	1.0
172.28.198.11:49344	172.28.198.11	1.0
172.28.209.73:39363	172.28.209.73	1.0
172.28.198.11:49038	172.28.198.11	1.0
172.28.193.157:56076	172.28.193.157	1.0
172.28.193.157:36364	172.28.193.157	1.0
172.28.208.188:44214	172.28.208.188	1.0
172.28.208.188:45439	172.28.208.188	1.0
172.28.211.45:47708	172.28.211.45	1.0
172.28.193.157:32827	172.28.193.157	1.0
172.28.211.45:52227	172.28.211.45	1.0
172.28.198.11:52672	172.28.198.11	1.0
172.28.208.188:44235	172.28.208.188	1.0
172.18.18.16:55660	172.18.18.16	1.0
172.28.208.188:44454	172.28.208.188	1.0
172.28.193.157:54954	172.28.193.157	1.0
172.28.211.45:53948	172.28.211.45	1.0
172.18.18.16:55642	172.18.18.16	1.0
172.28.193.157:55449	172.28.193.157	1.0
172.28.211.45:50075	172.28.211.45	1.0
172.28.198.11:39713	172.28.198.11	1.0
172.28.208.188:44382	172.28.208.188	1.0
172.28.208.188:47482	172.28.208.188	1.0
172.28.208.188:53901	172.28.208.188	1.0
172.28.208.188:53808	172.28.208.188	1.0
172.28.193.157:56358	172.28.193.157	1.0
172.28.211.45:38477	172.28.211.45	1.0
172.28.198.11:39827	172.28.198.11	1.0
172.28.198.11:49477	172.28.198.11	1.0
172.28.198.11:35346	172.28.198.11	1.0
172.28.208.188:56746	172.28.208.188	1.0
172.28.208.188:56697	172.28.208.188	1.0
172.28.198.11:40554	172.28.198.11	1.0
172.28.198.11:52829	172.28.198.11	1.0
172.28.193.157:56229	172.28.193.157	1.0
172.28.193.157:60973	172.28.193.157	1.0
172.28.198.11:40642	172.28.198.11	1.0
172.28.193.157:45511	172.28.193.157	1.0
172.28.211.45:54205	172.28.211.45	1.0
172.28.193.157:45699	172.28.193.157	1.0
172.28.193.157:34062	172.28.193.157	1.0
172.28.211.45:42662	172.28.211.45	1.0
172.28.193.157:34681	172.28.193.157	1.0
172.28.211.45:53606	172.28.211.45	1.0
172.28.209.73:35794	172.28.209.73	1.0
172.28.211.45:52669	172.28.211.45	1.0
172.28.193.157:34382	172.28.193.157	1.0
172.28.193.157:45445	172.28.193.157	1.0
172.28.209.73:48820	172.28.209.73	1.0
172.28.193.157:33602	172.28.193.157	1.0
172.28.209.73:42327	172.28.209.73	1.0
172.28.211.45:54377	172.28.211.45	1.0
172.28.193.157:33821	172.28.193.157	1.0
172.28.193.157:0	172.28.193.157	1.0
172.28.198.11:49434	172.28.198.11	1.0
172.28.198.11:52009	172.28.198.11	1.0
172.28.193.157:35878	172.28.193.157	1.0
172.28.193.157:33516	172.28.193.157	1.0
172.28.211.45:48342	172.28.211.45	1.0
172.28.193.157:33443	172.28.193.157	1.0
172.28.198.11:53087	172.28.198.11	1.0
172.28.211.45:54338	172.28.211.45	1.0
172.28.193.157:33652	172.28.193.157	1.0
172.28.198.11:48977	172.28.198.11	1.0
172.28.198.11:37584	172.28.198.11	1.0
172.28.198.11:49053	172.28.198.11	1.0
172.28.193.157:33310	172.28.193.157	1.0
172.28.193.157:45454	172.28.193.157	1.0
172.28.193.157:60929	172.28.193.157	1.0
172.28.198.11:50018	172.28.198.11	1.0
172.28.208.188:53825	172.28.208.188	1.0
172.28.211.45:52438	172.28.211.45	1.0
172.18.18.16:53270	172.18.18.16	1.0
172.28.198.11:49339	172.28.198.11	1.0
172.28.198.11:37633	172.28.198.11	1.0
172.28.198.11:49027	172.28.198.11	1.0
172.28.193.157:51721	172.28.193.157	1.0
172.28.193.157:56065	172.28.193.157	1.0
172.28.211.45:49728	172.28.211.45	1.0
172.28.193.157:52322	172.28.193.157	1.0
172.28.198.11:40316	172.28.198.11	1.0
172.28.198.11:52566	172.28.198.11	1.0
172.28.208.188:25011	172.28.208.188	1.0
172.28.208.188:35079	172.28.208.188	1.0
172.28.211.45:48373	172.28.211.45	1.0
172.28.208.188:53986	172.28.208.188	1.0
172.28.193.157:34093	172.28.193.157	1.0
172.28.211.45:37450	172.28.211.45	1.0
172.28.198.11:49925	172.28.198.11	1.0
172.28.209.73:60519	172.28.209.73	1.0
172.28.208.188:42563	172.28.208.188	1.0
172.28.209.73:42276	172.28.209.73	1.0
172.28.208.188:42464	172.28.208.188	1.0
172.28.211.45:47464	172.28.211.45	1.0
172.28.208.188:35358	172.28.208.188	1.0
172.28.208.188:44352	172.28.208.188	1.0
172.28.193.157:34196	172.28.193.157	1.0
172.28.211.45:52921	172.28.211.45	1.0
172.28.198.11:52015	172.28.198.11	1.0
172.28.208.188:44459	172.28.208.188	1.0
172.28.209.73:57009	172.28.209.73	1.0
172.28.209.73:8022	172.28.209.73	1.0
172.28.193.157:45010	172.28.193.157	1.0
172.28.198.11:35529	172.28.198.11	1.0
172.28.209.73:55929	172.28.209.73	1.0
172.28.193.157:33973	172.28.193.157	1.0
172.28.193.157:34067	172.28.193.157	1.0
172.28.198.11:52742	172.28.198.11	1.0
172.28.193.157:33361	172.28.193.157	1.0
172.28.209.73:46268	172.28.209.73	1.0
172.28.209.73:52843	172.28.209.73	1.0
172.28.193.157:33462	172.28.193.157	1.0
172.28.198.11:49906	172.28.198.11	1.0
172.28.208.188:56606	172.28.208.188	1.0
172.28.193.157:34375	172.28.193.157	1.0
172.28.198.11:49375	172.28.198.11	1.0
172.28.193.157:33819	172.28.193.157	1.0
172.28.211.45:52582	172.28.211.45	1.0
172.28.211.45:37945	172.28.211.45	1.0
172.28.209.73:54045	172.28.209.73	1.0
172.28.193.157:34339	172.28.193.157	1.0
172.28.193.157:56314	172.28.193.157	1.0
172.28.193.157:56427	172.28.193.157	1.0
172.28.193.157:34584	172.28.193.157	1.0
172.28.193.157:36403	172.28.193.157	1.0
172.28.198.11:46653	172.28.198.11	1.0
172.28.193.157:33747	172.28.193.157	1.0
172.28.198.11:35772	172.28.198.11	1.0
172.28.209.73:42497	172.28.209.73	1.0
172.28.193.157:52197	172.28.193.157	1.0
172.28.208.188:44435	172.28.208.188	1.0
172.28.198.11:52060	172.28.198.11	1.0
172.28.208.188:56579	172.28.208.188	1.0
172.28.209.73:34398	172.28.209.73	1.0
172.28.209.73:42498	172.28.209.73	1.0
172.28.209.73:52817	172.28.209.73	1.0
172.28.211.45:52655	172.28.211.45	1.0
172.28.198.11:34699	172.28.198.11	1.0
172.28.193.157:34037	172.28.193.157	1.0
172.28.198.11:49600	172.28.198.11	1.0
172.28.211.45:52457	172.28.211.45	1.0
172.28.198.11:40276	172.28.198.11	1.0
172.28.198.11:49596	172.28.198.11	1.0
172.28.193.157:55384	172.28.193.157	1.0
172.28.211.45:52453	172.28.211.45	1.0
172.28.211.45:37397	172.28.211.45	1.0
172.28.211.45:48191	172.28.211.45	1.0
172.28.198.11:40723	172.28.198.11	1.0
172.28.208.188:46223	172.28.208.188	1.0
172.28.193.157:52311	172.28.193.157	1.0
172.28.193.157:36555	172.28.193.157	1.0
172.28.193.157:33619	172.28.193.157	1.0
172.18.18.16:53263	172.18.18.16	1.0
172.28.193.157:36551	172.28.193.157	1.0
172.28.211.45:48396	172.28.211.45	1.0
172.28.193.157:52315	172.28.193.157	1.0
172.28.211.45:60341	172.28.211.45	1.0
172.28.208.188:56686	172.28.208.188	1.0
172.28.208.188:48224	172.28.208.188	1.0
172.28.208.188:42468	172.28.208.188	1.0
172.28.208.188:44643	172.28.208.188	1.0
172.28.208.188:56618	172.28.208.188	1.0
172.28.208.188:53937	172.28.208.188	1.0
172.28.211.45:37931	172.28.211.45	1.0
172.28.198.11:37050	172.28.198.11	1.0
172.28.208.188:56625	172.28.208.188	1.0
172.28.208.188:53944	172.28.208.188	1.0
172.28.198.11:49426	172.28.198.11	1.0
172.28.211.45:54420	172.28.211.45	1.0
172.28.198.11:52789	172.28.198.11	1.0
172.28.208.188:44583	172.28.208.188	1.0
172.28.209.73:33902	172.28.209.73	1.0
172.28.198.11:39702	172.28.198.11	1.0
172.28.208.188:44271	172.28.208.188	1.0
172.28.193.157:56446	172.28.193.157	1.0
172.28.208.188:42440	172.28.208.188	1.0
172.28.193.157:56134	172.28.193.157	1.0
172.28.208.188:42453	172.28.208.188	1.0
172.28.208.188:56353	172.28.208.188	1.0
172.28.208.188:56728	172.28.208.188	1.0
172.28.209.73:42041	172.28.209.73	1.0
172.28.193.157:51635	172.28.193.157	1.0
172.28.198.11:52704	172.28.198.11	1.0
172.28.198.11:49823	172.28.198.11	1.0
172.28.193.157:55448	172.28.193.157	1.0
172.28.193.157:33592	172.28.193.157	1.0
172.28.198.11:40567	172.28.198.11	1.0
172.28.193.157:52593	172.28.193.157	1.0
172.28.211.45:54506	172.28.211.45	1.0
172.28.193.157:56625	172.28.193.157	1.0
172.28.208.188:56800	172.28.208.188	1.0
172.28.209.73:59994	172.28.209.73	1.0
172.28.198.11:52063	172.28.198.11	1.0
172.28.193.157:56313	172.28.193.157	1.0
172.28.193.157:35482	172.28.193.157	1.0
172.28.198.11:39707	172.28.198.11	1.0
172.28.211.45:37626	172.28.211.45	1.0
172.28.209.73:52801	172.28.209.73	1.0
172.28.209.73:53039	172.28.209.73	1.0
172.28.193.157:55939	172.28.193.157	1.0
172.28.211.45:48233	172.28.211.45	1.0
172.28.193.157:55527	172.28.193.157	1.0
172.28.209.73:53303	172.28.209.73	1.0
172.28.193.157:33535	172.28.193.157	1.0
172.28.208.188:47360	172.28.208.188	1.0
172.28.198.11:35593	172.28.198.11	1.0
172.28.211.45:52512	172.28.211.45	1.0
172.18.18.16:55725	172.18.18.16	1.0
172.28.193.157:34444	172.28.193.157	1.0
172.28.211.45:48463	172.28.211.45	1.0
172.28.193.157:23000	172.28.193.157	1.0
172.28.208.188:56777	172.28.208.188	1.0
172.28.211.45:37690	172.28.211.45	1.0
172.28.198.11:52640	172.28.198.11	1.0
172.28.209.73:52934	172.28.209.73	1.0
172.28.193.157:56491	172.28.193.157	1.0
172.28.193.157:60910	172.28.193.157	1.0
172.28.198.11:40329	172.28.198.11	1.0
172.28.209.73:42042	172.28.209.73	1.0
172.28.209.73:8030	172.28.209.73	1.0
172.28.198.11:35187	172.28.198.11	1.0
172.28.193.157:56256	172.28.193.157	1.0
172.28.193.157:45025	172.28.193.157	1.0
172.28.211.45:37383	172.28.211.45	1.0
172.28.211.45:51921	172.28.211.45	1.0
172.28.208.188:56640	172.28.208.188	1.0
52.0.56.137:0	52.0.56.137	1.0
96.244.96.19	96.244.96.19:0	1.0
172.28.211.45:47997	172.28.211.45	1.0
172.28.208.188:50010	172.28.208.188	1.0
172.28.208.188:56610	172.28.208.188	1.0
172.28.193.157:34079	172.28.193.157	1.0
172.28.209.73:52848	172.28.209.73	1.0
172.28.208.188:42392	172.28.208.188	1.0
172.28.193.157:33580	172.28.193.157	1.0
172.28.198.11:35412	172.28.198.11	1.0
172.28.209.73:39562	172.28.209.73	1.0
172.28.193.157:45512	172.28.193.157	1.0
172.28.209.73:39519	172.28.209.73	1.0
172.28.198.11:52994	172.28.198.11	1.0
172.28.208.188:53982	172.28.208.188	1.0
172.28.211.45:37076	172.28.211.45	1.0
172.18.18.16:55626	172.18.18.16	1.0
172.28.211.45:37520	172.28.211.45	1.0
172.28.208.188:44595	172.28.208.188	1.0
172.28.211.45:52495	172.28.211.45	1.0
172.28.193.157:59995	172.28.193.157	1.0
172.28.198.11:51964	172.28.198.11	1.0
172.28.198.11:35496	172.28.198.11	1.0
172.28.198.11:35746	172.28.198.11	1.0
172.28.211.45:41121	172.28.211.45	1.0
172.28.209.73:42221	172.28.209.73	1.0
172.28.208.188:35040	172.28.208.188	1.0
172.28.209.73:60115	172.28.209.73	1.0
172.28.208.188:53609	172.28.208.188	1.0
172.28.198.11:52103	172.28.198.11	1.0
172.28.193.157:50010	172.28.193.157	1.0
172.28.193.157:32804	172.28.193.157	1.0
172.28.198.11:40248	172.28.198.11	1.0
172.28.209.73:59923	172.28.209.73	1.0
172.28.193.157:32830	172.28.193.157	1.0
172.28.211.45:52674	172.28.211.45	1.0
172.28.193.157:45518	172.28.193.157	1.0
172.28.193.157:54487	172.28.193.157	1.0
172.28.211.45:48431	172.28.211.45	1.0
172.28.193.157:34475	172.28.193.157	1.0
172.28.211.45:37619	172.28.211.45	1.0
172.28.193.157:51719	172.28.193.157	1.0
172.28.211.45:37307	172.28.211.45	1.0
172.28.198.11:50032	172.28.198.11	1.0
172.18.18.16:55432	172.18.18.16	1.0
172.28.193.157:56357	172.28.193.157	1.0
172.28.193.157:33876	172.28.193.157	1.0
172.28.193.157:33345	172.28.193.157	1.0
172.28.198.11:44895	172.28.198.11	1.0
172.28.193.157:36564	172.28.193.157	1.0
172.28.198.11:52902	172.28.198.11	1.0
172.28.198.11:35721	172.28.198.11	1.0
172.28.211.45:48271	172.28.211.45	1.0
172.28.193.157:55396	172.28.193.157	1.0
172.28.211.45:37615	172.28.211.45	1.0
172.28.193.157:56590	172.28.193.157	1.0
172.28.209.73:0	172.28.209.73	1.0
172.28.209.73:42534	172.28.209.73	1.0
172.28.211.45:54078	172.28.211.45	1.0
172.28.193.157:34566	172.28.193.157	1.0
172.28.209.73:8888	172.28.209.73	1.0
172.28.193.157:52635	172.28.193.157	1.0
172.28.198.11:39748	172.28.198.11	1.0
172.28.198.11:35942	172.28.198.11	1.0
172.28.198.11:34736	172.28.198.11	1.0
172.28.208.188:53936	172.28.208.188	1.0
172.28.208.188:8041	172.28.208.188	1.0
172.28.198.11:52912	172.28.198.11	1.0
172.28.211.45:37694	172.28.211.45	1.0
172.28.198.11:49963	172.28.198.11	1.0
172.28.208.188:47357	172.28.208.188	1.0
172.28.208.188:42495	172.28.208.188	1.0
172.28.198.11:44896	172.28.198.11	1.0
172.28.193.157:55571	172.28.193.157	1.0
172.28.193.157:33528	172.28.193.157	1.0
172.28.209.73:39872	172.28.209.73	1.0
172.28.211.45:54449	172.28.211.45	1.0
172.28.198.11:37587	172.28.198.11	1.0
172.28.211.45:52494	172.28.211.45	1.0
172.28.209.73:39282	172.28.209.73	1.0
172.28.211.45:54470	172.28.211.45	1.0
172.28.193.157:45014	172.28.193.157	1.0
172.28.198.11:45139	172.28.198.11	1.0
172.28.211.45:51914	172.28.211.45	1.0
172.28.193.157:52814	172.28.193.157	1.0
172.28.211.45:53839	172.28.211.45	1.0
172.28.198.11:37583	172.28.198.11	1.0
172.28.198.11:52890	172.28.198.11	1.0
172.28.198.11:49678	172.28.198.11	1.0
172.28.198.11:49728	172.28.198.11	1.0
172.28.193.157:32797	172.28.193.157	1.0
172.28.198.11:44897	172.28.198.11	1.0
172.28.198.11:46654	172.28.198.11	1.0
172.28.193.157:33573	172.28.193.157	1.0
172.28.193.157:34273	172.28.193.157	1.0
172.28.198.11:40780	172.28.198.11	1.0
172.28.209.73:42074	172.28.209.73	1.0
172.28.208.188:49324	172.28.208.188	1.0
172.28.208.188:42543	172.28.208.188	1.0
172.28.211.45:51887	172.28.211.45	1.0
172.18.18.16:55662	172.18.18.16	1.0
172.28.208.188:53600	172.28.208.188	1.0
172.28.208.188:35038	172.28.208.188	1.0
172.28.211.45:52488	172.28.211.45	1.0
172.28.208.188:44432	172.28.208.188	1.0
172.28.208.188:56807	172.28.208.188	1.0
172.28.198.11:52495	172.28.198.11	1.0
172.28.211.45:47996	172.28.211.45	1.0
172.28.208.188:44153	172.28.208.188	1.0
172.28.208.188:47453	172.28.208.188	1.0
172.28.208.188:44572	172.28.208.188	1.0
172.28.211.45:48322	172.28.211.45	1.0
172.28.193.157:55385	172.28.193.157	1.0
172.28.211.45:48279	172.28.211.45	1.0
172.28.198.11:39767	172.28.198.11	1.0
172.28.211.45:48367	172.28.211.45	1.0
172.28.193.157:45011	172.28.193.157	1.0
172.28.193.157:33355	172.28.193.157	1.0
172.28.193.157:33855	172.28.193.157	1.0
172.28.193.157:52137	172.28.193.157	1.0
172.18.18.16:55638	172.18.18.16	1.0
172.28.211.45:60338	172.28.211.45	1.0
172.28.198.11:52720	172.28.198.11	1.0
172.28.211.45:36908	172.28.211.45	1.0
172.28.193.157:34452	172.28.193.157	1.0
172.28.211.45:38427	172.28.211.45	1.0
172.28.198.11:0	172.28.198.11	1.0
172.28.198.11:52791	172.28.198.11	1.0
172.28.198.11:49729	172.28.198.11	1.0
172.18.18.16:55604	172.18.18.16	1.0
172.28.198.11:45123	172.28.198.11	1.0
172.28.209.73:46267	172.28.209.73	1.0
172.28.211.45:53443	172.28.211.45	1.0
172.28.208.188:44512	172.28.208.188	1.0
172.28.211.45:60337	172.28.211.45	1.0
172.28.209.73:48331	172.28.209.73	1.0
172.28.211.45:37551	172.28.211.45	1.0
172.28.198.11:52970	172.28.198.11	1.0
172.28.208.188:39158	172.28.208.188	1.0
172.28.211.45:54165	172.28.211.45	1.0
172.28.198.11:39634	172.28.198.11	1.0
172.28.208.188:56447	172.28.208.188	1.0
172.28.193.157:52316	172.28.193.157	1.0
172.28.211.45:53417	172.28.211.45	1.0
172.28.208.188:53586	172.28.208.188	1.0
172.28.211.45:47980	172.28.211.45	1.0
172.28.208.188:56318	172.28.208.188	1.0
172.28.211.45:52506	172.28.211.45	1.0
172.28.209.73:53275	172.28.209.73	1.0
172.28.208.188:53582	172.28.208.188	1.0
172.28.209.73:54582	172.28.209.73	1.0
172.28.211.45:37345	172.28.211.45	1.0
172.28.211.45:54302	172.28.211.45	1.0
172.28.198.11:34746	172.28.198.11	1.0
172.28.211.45:37965	172.28.211.45	1.0
172.28.211.45:36953	172.28.211.45	1.0
172.28.211.45:52678	172.28.211.45	1.0
172.28.208.188:56492	172.28.208.188	1.0
172.28.208.188:54011	172.28.208.188	1.0
172.28.208.188:44330	172.28.208.188	1.0
172.28.208.188:44530	172.28.208.188	1.0
172.28.208.188:56705	172.28.208.188	1.0
172.28.193.157:56318	172.28.193.157	1.0
172.28.208.188:45462	172.28.208.188	1.0
172.28.209.73:52738	172.28.209.73	1.0
172.28.209.73:48157	172.28.209.73	1.0
172.28.208.188:44158	172.28.208.188	1.0
172.28.209.73:7182	172.28.209.73	1.0
172.28.198.11:35621	172.28.198.11	1.0
172.28.208.188:44384	172.28.208.188	1.0
172.28.208.188:44584	172.28.208.188	1.0
172.28.208.188:56809	172.28.208.188	1.0
172.28.193.157:45703	172.28.193.157	1.0
172.28.193.157:34117	172.28.193.157	1.0
172.28.193.157:33586	172.28.193.157	1.0
172.28.198.11:35286	172.28.198.11	1.0
172.28.193.157:52061	172.28.193.157	1.0
172.28.193.157:34124	172.28.193.157	1.0
172.28.193.157:34543	172.28.193.157	1.0
172.28.193.157:52812	172.28.193.157	1.0
172.28.193.157:34131	172.28.193.157	1.0
172.28.211.45:37806	172.28.211.45	1.0
172.28.193.157:51631	172.28.193.157	1.0
172.28.193.157:33725	172.28.193.157	1.0
172.28.193.157:52200	172.28.193.157	1.0
172.28.209.73:9995	172.28.209.73	1.0
172.28.198.11:50069	172.28.198.11	1.0
172.28.198.11:49663	172.28.198.11	1.0
172.28.193.157:51795	172.28.193.157	1.0
172.28.193.157:33439	172.28.193.157	1.0
172.28.193.157:33665	172.28.193.157	1.0
172.28.211.45:37334	172.28.211.45	1.0
172.28.193.157:33672	172.28.193.157	1.0
172.28.198.11:35491	172.28.198.11	1.0
172.28.208.188:44505	172.28.208.188	1.0
172.28.198.11:53043	172.28.198.11	1.0
172.28.211.45:37881	172.28.211.45	1.0
172.28.193.157:56675	172.28.193.157	1.0
172.28.211.45:60407	172.28.211.45	1.0
172.28.209.73:54620	172.28.209.73	1.0
172.28.198.11:40096	172.28.198.11	1.0
172.28.198.11:49846	172.28.198.11	1.0
172.28.211.45:60403	172.28.211.45	1.0
172.28.198.11:34735	172.28.198.11	1.0
172.28.198.11:49560	172.28.198.11	1.0
172.28.198.11:52629	172.28.198.11	1.0
172.28.211.45:52180	172.28.211.45	1.0
172.28.211.45:51899	172.28.211.45	1.0
172.28.211.45:37688	172.28.211.45	1.0
172.28.211.45:54520	172.28.211.45	1.0
172.28.208.188:44683	172.28.208.188	1.0
172.28.198.11:52621	172.28.198.11	1.0
172.28.209.73:45315	172.28.209.73	1.0
172.28.211.45:51853	172.28.211.45	1.0
172.28.211.45:37022	172.28.211.45	1.0
172.28.208.188:56385	172.28.208.188	1.0
172.28.208.188:42379	172.28.208.188	1.0
172.28.208.188:56698	172.28.208.188	1.0
172.28.211.45:37517	172.28.211.45	1.0
172.28.211.45:48267	172.28.211.45	1.0
172.28.208.188:42611	172.28.208.188	1.0
172.28.211.45:42636	172.28.211.45	1.0
172.28.208.188:44136	172.28.208.188	1.0
172.28.198.11:49686	172.28.198.11	1.0
172.28.209.73:52936	172.28.209.73	1.0
172.28.208.188:42518	172.28.208.188	1.0
172.28.208.188:47356	172.28.208.188	1.0
172.28.208.188:56694	172.28.208.188	1.0
172.28.208.188:45463	172.28.208.188	1.0
172.28.208.188:42532	172.28.208.188	1.0
172.28.211.45:38426	172.28.211.45	1.0
172.28.208.188:53801	172.28.208.188	1.0
172.28.208.188:35039	172.28.208.188	1.0
172.28.208.188:44328	172.28.208.188	1.0
172.28.198.11:50010	172.28.198.11	1.0
172.28.198.11:49654	172.28.198.11	1.0
172.28.193.157:52073	172.28.193.157	1.0
172.28.193.157:56498	172.28.193.157	1.0
172.28.193.157:36311	172.28.193.157	1.0
172.28.211.45:48161	172.28.211.45	1.0
172.28.193.157:33430	172.28.193.157	1.0
172.28.198.11:34780	172.28.198.11	1.0
172.28.211.45:52230	172.28.211.45	1.0
172.28.211.45:8041	172.28.211.45	1.0
172.28.193.157:52199	172.28.193.157	1.0
172.28.211.45:37518	172.28.211.45	1.0
172.28.208.188:45437	172.28.208.188	1.0
172.28.193.157:34438	172.28.193.157	1.0
172.28.208.188:54013	172.28.208.188	1.0
172.28.193.157:60907	172.28.193.157	1.0
172.28.211.45:37451	172.28.211.45	1.0
172.28.198.11:48976	172.28.198.11	1.0
172.28.198.11:35796	172.28.198.11	1.0
172.28.193.157:36365	172.28.193.157	1.0
172.28.198.11:49340	172.28.198.11	1.0
172.28.198.11:24042	172.28.198.11	1.0
172.28.211.45:37691	172.28.211.45	1.0
172.28.208.188:44185	172.28.208.188	1.0
172.28.193.157:52198	172.28.193.157	1.0
172.28.209.73:39436	172.28.209.73	1.0
172.28.198.11:53061	172.28.198.11	1.0
172.28.193.157:56561	172.28.193.157	1.0
172.28.208.188:35080	172.28.208.188	1.0
172.28.208.188:44181	172.28.208.188	1.0
172.28.211.45:54231	172.28.211.45	1.0
172.28.211.45:38475	172.28.211.45	1.0
172.28.211.45:37870	172.28.211.45	1.0
172.18.18.16:55695	172.18.18.16	1.0
172.28.211.45:37739	172.28.211.45	1.0
172.28.208.188:42158	172.28.208.188	1.0
172.28.211.45:38471	172.28.211.45	1.0
172.28.211.45:37940	172.28.211.45	1.0
172.28.198.11:49109	172.28.198.11	1.0
172.28.198.11:35128	172.28.198.11	1.0
172.28.208.188:56710	172.28.208.188	1.0
172.18.18.16:55661	172.18.18.16	1.0
172.28.211.45:37019	172.28.211.45	1.0
172.28.193.157:52069	172.28.193.157	1.0
172.28.211.45:48163	172.28.211.45	1.0
172.28.211.45:54513	172.28.211.45	1.0
172.28.211.45:52591	172.28.211.45	1.0
172.28.198.11:49110	172.28.198.11	1.0
172.28.208.188:37354	172.28.208.188	1.0
172.28.208.188:47454	172.28.208.188	1.0
172.28.208.188:54054	172.28.208.188	1.0
172.18.18.16:55667	172.18.18.16	1.0
172.28.193.157:56192	172.28.193.157	1.0
172.28.208.188:44380	172.28.208.188	1.0
172.28.211.45:36912	172.28.211.45	1.0
172.28.208.188:56687	172.28.208.188	1.0
172.28.198.11:36725	172.28.198.11	1.0
172.28.208.188:53588	172.28.208.188	1.0
172.28.208.188:56476	172.28.208.188	1.0
172.28.208.188:56695	172.28.208.188	1.0
172.28.208.188:44433	172.28.208.188	1.0
172.28.208.188:56608	172.28.208.188	1.0
172.28.208.188:42502	172.28.208.188	1.0
172.28.208.188:56827	172.28.208.188	1.0
172.28.208.188:60127	172.28.208.188	1.0
172.28.198.11:49965	172.28.198.11	1.0
172.28.211.45:36909	172.28.211.45	1.0
172.28.198.11:37634	172.28.198.11	1.0
172.28.198.11:49884	172.28.198.11	1.0
172.18.18.16:52128	172.18.18.16	1.0
172.28.211.45:37635	172.28.211.45	1.0
172.28.193.157:45510	172.28.193.157	1.0
172.28.211.45:52535	172.28.211.45	1.0
172.28.193.157:33654	172.28.193.157	1.0
172.28.193.157:60923	172.28.193.157	1.0
172.28.208.188:44517	172.28.208.188	1.0
172.28.193.157:45092	172.28.193.157	1.0
172.28.209.73:42161	172.28.209.73	1.0
172.28.193.157:33624	172.28.193.157	1.0
172.28.211.45:54049	172.28.211.45	1.0
172.28.211.45:51831	172.28.211.45	1.0
172.28.193.157:36807	172.28.193.157	1.0
172.28.211.45:36957	172.28.211.45	1.0
172.28.198.11:48945	172.28.198.11	1.0
172.28.193.157:35883	172.28.193.157	1.0
172.28.193.157:55815	172.28.193.157	1.0
172.28.193.157:36309	172.28.193.157	1.0
172.28.211.45:47403	172.28.211.45	1.0
172.28.193.157:54053	172.28.193.157	1.0
172.28.211.45:37547	172.28.211.45	1.0
172.28.208.188:42591	172.28.208.188	1.0
172.28.198.11:48941	172.28.198.11	1.0
172.28.209.73:52816	172.28.209.73	1.0
172.18.18.16:53166	172.18.18.16	1.0
172.28.211.45:37760	172.28.211.45	1.0
172.28.211.45:52611	172.28.211.45	1.0
172.28.193.157:54736	172.28.193.157	1.0
172.28.211.45:37768	172.28.211.45	1.0
172.28.208.188:44387	172.28.208.188	1.0
172.28.208.188:44695	172.28.208.188	1.0
172.28.208.188:44178	172.28.208.188	1.0
172.28.211.45:48166	172.28.211.45	1.0
172.28.198.11:35642	172.28.198.11	1.0
172.28.193.157:55820	172.28.193.157	1.0
172.28.211.45:54403	172.28.211.45	1.0
172.28.208.188:56703	172.28.208.188	1.0
172.28.198.11:35180	172.28.198.11	1.0
172.28.198.11:40674	172.28.198.11	1.0
172.18.18.16:55643	172.18.18.16	1.0
172.28.211.45:52437	172.28.211.45	1.0
172.18.18.16:55556	172.18.18.16	1.0
172.28.208.188:42600	172.28.208.188	1.0
172.28.198.11:52682	172.28.198.11	1.0
172.18.18.16:55682	172.18.18.16	1.0
172.28.211.45:37795	172.28.211.45	1.0
172.28.211.45:54145	172.28.211.45	1.0
172.28.208.188:44464	172.28.208.188	1.0
172.28.209.73:57889	172.28.209.73	1.0
172.28.209.73:47871	172.28.209.73	1.0
172.28.208.188:56646	172.28.208.188	1.0
172.28.208.188:0	172.28.208.188	1.0
172.28.211.45:42409	172.28.211.45	1.0
172.28.208.188:44403	172.28.208.188	1.0
172.28.211.45:60404	172.28.211.45	1.0
172.28.198.11:46598	172.28.198.11	1.0
172.28.193.157:33617	172.28.193.157	1.0
172.28.211.45:42411	172.28.211.45	1.0
172.28.198.11:51936	172.28.198.11	1.0
172.28.193.157:60836	172.28.193.157	1.0
172.28.211.45:38430	172.28.211.45	1.0
172.28.193.157:45449	172.28.193.157	1.0
172.28.198.11:40543	172.28.198.11	1.0
172.28.193.157:52062	172.28.193.157	1.0
172.28.208.188:56756	172.28.208.188	1.0
172.28.193.157:34214	172.28.193.157	1.0
172.28.193.157:34477	172.28.193.157	1.0
172.28.193.157:35952	172.28.193.157	1.0
171.66.97.126	171.66.97.126:0	1.0
172.28.208.188:42584	172.28.208.188	1.0
172.28.209.73:33903	172.28.209.73	1.0
172.28.209.73:60253	172.28.209.73	1.0
172.28.209.73:43554	172.28.209.73	1.0
172.28.209.73:49530	172.28.209.73	1.0
172.28.209.73:55980	172.28.209.73	1.0
172.28.198.11:37049	172.28.198.11	1.0
172.28.193.157:33487	172.28.193.157	1.0
172.28.211.45:52394	172.28.211.45	1.0
172.28.211.45:53494	172.28.211.45	1.0
172.28.198.11:40588	172.28.198.11	1.0
172.28.211.45:54213	172.28.211.45	1.0
172.28.211.45:48364	172.28.211.45	1.0
172.28.198.11:37052	172.28.198.11	1.0
172.28.211.45:52284	172.28.211.45	1.0
172.28.193.157:60991	172.28.193.157	1.0
172.28.208.188:45460	172.28.208.188	1.0
172.28.198.11:49379	172.28.198.11	1.0
172.28.208.188:44555	172.28.208.188	1.0
172.28.193.157:60862	172.28.193.157	1.0
172.28.193.157:34050	172.28.193.157	1.0
172.28.193.157:34575	172.28.193.157	1.0
172.28.198.11:46644	172.28.198.11	1.0
172.28.211.45:54395	172.28.211.45	1.0
172.28.208.188:53865	172.28.208.188	1.0
172.28.211.45:42653	172.28.211.45	1.0
172.28.198.11:40535	172.28.198.11	1.0
172.28.208.188:60342	172.28.208.188	1.0
172.28.198.11:34686	172.28.198.11	1.0
172.28.208.188:44355	172.28.208.188	1.0
172.28.209.73:2181	172.28.209.73	1.0
172.28.208.188:42599	172.28.208.188	1.0
172.28.208.188:42519	172.28.208.188	1.0
172.28.193.157:36363	172.28.193.157	1.0
172.28.198.11:49558	172.28.198.11	1.0
172.28.198.11:35177	172.28.198.11	1.0
172.18.18.16:55415	172.18.18.16	1.0
172.28.193.157:56385	172.28.193.157	1.0
172.18.18.16:53254	172.18.18.16	1.0
172.28.211.45:48174	172.28.211.45	1.0
172.28.208.188:56749	172.28.208.188	1.0
172.28.193.157:34568	172.28.193.157	1.0
172.28.209.73:52937	172.28.209.73	1.0
172.28.193.157:56131	172.28.193.157	1.0
172.18.18.16:53250	172.18.18.16	1.0
172.28.211.45:38476	172.28.211.45	1.0
172.28.198.11:40714	172.28.198.11	1.0
172.28.193.157:52139	172.28.193.157	1.0
172.28.211.45:48178	172.28.211.45	1.0
172.28.209.73:48747	172.28.209.73	1.0
172.28.211.45:47991	172.28.211.45	1.0
172.28.193.157:33685	172.28.193.157	1.0
172.28.198.11:40379	172.28.198.11	1.0
172.28.193.157:34073	172.28.193.157	1.0
172.28.211.45:53498	172.28.211.45	1.0
172.28.198.11:8041	172.28.198.11	1.0
172.28.198.11:35432	172.28.198.11	1.0
172.28.193.157:55520	172.28.193.157	1.0
172.28.211.45:53502	172.28.211.45	1.0
172.28.198.11:52828	172.28.198.11	1.0
172.28.211.45:48272	172.28.211.45	1.0
172.28.208.188:57316	172.28.208.188	1.0
172.28.198.11:35923	172.28.198.11	1.0
172.28.209.73:60073	172.28.209.73	1.0
172.28.198.11:35499	172.28.198.11	1.0
172.28.198.11:52737	172.28.198.11	1.0
172.28.208.188:56581	172.28.208.188	1.0
172.28.211.45:48019	172.28.211.45	1.0
172.28.209.73:47801	172.28.209.73	1.0
172.28.198.11:40345	172.28.198.11	1.0
172.28.208.188:53858	172.28.208.188	1.0
172.28.208.188:56635	172.28.208.188	1.0
172.28.198.11:44898	172.28.198.11	1.0
172.28.198.11:52011	172.28.198.11	1.0
172.28.193.157:56068	172.28.193.157	1.0
172.28.209.73:42162	172.28.209.73	1.0
172.28.193.157:55881	172.28.193.157	1.0
172.28.208.188:44639	172.28.208.188	1.0
172.28.208.188:42583	172.28.208.188	1.0
172.28.211.45:52433	172.28.211.45	1.0
172.28.198.11:52565	172.28.198.11	1.0
172.28.211.45:53416	172.28.211.45	1.0
172.28.193.157:51717	172.28.193.157	1.0
172.28.208.188:53900	172.28.208.188	1.0
172.28.193.157:33701	172.28.193.157	1.0
172.28.209.73:55608	172.28.209.73	1.0
172.28.193.157:35877	172.28.193.157	1.0
172.28.198.11:39829	172.28.198.11	1.0
172.28.193.157:55829	172.28.193.157	1.0
172.28.211.45:51911	172.28.211.45	1.0
172.28.211.45:54561	172.28.211.45	1.0
172.28.211.45:37306	172.28.211.45	1.0
172.28.211.45:54095	172.28.211.45	1.0
172.28.211.45:54121	172.28.211.45	1.0
172.28.198.11:35528	172.28.198.11	1.0
172.28.211.45:38028	172.28.211.45	1.0
172.28.211.45:50010	172.28.211.45	1.0
172.28.211.45:38029	172.28.211.45	1.0
172.28.211.45:54254	172.28.211.45	1.0
172.28.209.73:48998	172.28.209.73	1.0
172.28.193.157:55387	172.28.193.157	1.0
172.28.208.188:44438	172.28.208.188	1.0
172.28.211.45:47928	172.28.211.45	1.0
172.28.208.188:44404	172.28.208.188	1.0
172.28.198.11:48942	172.28.198.11	1.0
172.28.198.11:34811	172.28.198.11	1.0
172.28.208.188:44630	172.28.208.188	1.0
172.28.211.45:48399	172.28.211.45	1.0
172.28.198.11:52987	172.28.198.11	1.0
172.28.198.11:49950	172.28.198.11	1.0
172.28.208.188:54025	172.28.208.188	1.0
172.28.209.73:58875	172.28.209.73	1.0
172.28.208.188:44351	172.28.208.188	1.0
172.28.208.188:44258	172.28.208.188	1.0
172.28.208.188:44458	172.28.208.188	1.0
172.28.209.73:47952	172.28.209.73	1.0
172.28.193.157:33515	172.28.193.157	1.0
172.18.18.16:55609	172.18.18.16	1.0
172.28.193.157:56260	172.28.193.157	1.0
172.28.193.157:33686	172.28.193.157	1.0
172.28.209.73:54580	172.28.209.73	1.0
172.28.193.157:60837	172.28.193.157	1.0
172.28.198.11:35756	172.28.198.11	1.0
172.28.193.157:56506	172.28.193.157	1.0
172.28.211.45:52814	172.28.211.45	1.0
172.28.209.73:22	172.28.209.73	1.0
172.28.211.45:0	172.28.211.45	1.0
172.28.193.157:60909	172.28.193.157	1.0
172.28.211.45:42410	172.28.211.45	1.0
172.28.193.157:56624	172.28.193.157	1.0
172.28.208.188:42118	172.28.208.188	1.0
172.28.193.157:33663	172.28.193.157	1.0
172.28.208.188:44145	172.28.208.188	1.0
172.28.198.11:49589	172.28.198.11	1.0
172.28.198.11:49790	172.28.198.11	1.0
172.28.198.11:39791	172.28.198.11	1.0
172.28.211.45:47412	172.28.211.45	1.0
172.28.211.45:37556	172.28.211.45	1.0
172.28.193.157:56490	172.28.193.157	1.0
172.28.208.188:37353	172.28.208.188	1.0
172.28.193.157:34447	172.28.193.157	1.0
172.28.208.188:44635	172.28.208.188	1.0
172.28.198.11:35342	172.28.198.11	1.0
172.28.208.188:44242	172.28.208.188	1.0
172.18.18.16:55624	172.18.18.16	1.0
172.28.211.45:52268	172.28.211.45	1.0
172.28.208.188:44156	172.28.208.188	1.0
172.28.208.188:42475	172.28.208.188	1.0
172.28.198.11:52664	172.28.198.11	1.0
172.28.208.188:56564	172.28.208.188	1.0
172.28.208.188:53890	172.28.208.188	1.0
172.28.198.11:49947	172.28.198.11	1.0
172.18.18.16:55597	172.18.18.16	1.0
172.28.208.188:56647	172.28.208.188	1.0
172.28.208.188:44216	172.28.208.188	1.0
172.28.193.157:34492	172.28.193.157	1.0
172.28.211.45:37336	172.28.211.45	1.0
172.28.193.157:56011	172.28.193.157	1.0
172.28.193.157:33374	172.28.193.157	1.0
172.28.211.45:52700	172.28.211.45	1.0
172.28.193.157:39457	172.28.193.157	1.0
172.28.198.11:35745	172.28.198.11	1.0
172.28.198.11:52089	172.28.198.11	1.0
172.28.193.157:33584	172.28.193.157	1.0
172.28.208.188:44472	172.28.208.188	1.0
172.28.193.157:33591	172.28.193.157	1.0
172.28.209.73:39410	172.28.209.73	1.0
172.28.209.73:55661	172.28.209.73	1.0
172.28.208.188:35037	172.28.208.188	1.0
172.28.211.45:36950	172.28.211.45	1.0
172.28.209.73:55526	172.28.209.73	1.0
172.18.18.16:55640	172.18.18.16	1.0
172.28.208.188:53623	172.28.208.188	1.0
172.28.193.157:55886	172.28.193.157	1.0
172.28.211.45:23001	172.28.211.45	1.0
172.28.208.188:53860	172.28.208.188	1.0
172.28.198.11:37586	172.28.198.11	1.0
172.28.211.45:47886	172.28.211.45	1.0
172.28.193.157:8041	172.28.193.157	1.0
172.28.198.11:52749	172.28.198.11	1.0
172.28.198.11:52668	172.28.198.11	1.0
172.28.208.188:47494	172.28.208.188	1.0
172.28.198.11:23000	172.28.198.11	1.0
172.28.193.157:34307	172.28.193.157	1.0
172.28.208.188:54007	172.28.208.188	1.0
172.28.208.188:56708	172.28.208.188	1.0
172.28.211.45:36952	172.28.211.45	1.0
172.28.193.157:42391	172.28.193.157	1.0
172.28.193.157:44779	172.28.193.157	1.0
172.28.193.157:55936	172.28.193.157	1.0
172.28.211.45:36913	172.28.211.45	1.0
172.28.193.157:55932	172.28.193.157	1.0
172.28.193.157:33576	172.28.193.157	1.0
172.28.193.157:34195	172.28.193.157	1.0
172.28.198.11:43539	172.28.198.11	1.0
172.28.211.45:53914	172.28.211.45	1.0
172.28.209.73:42208	172.28.209.73	1.0
172.28.211.45:52696	172.28.211.45	1.0
74.123.28.4:0	74.123.28.4	1.0
172.28.211.45:54279	172.28.211.45	1.0
172.28.193.157:33755	172.28.193.157	1.0
172.28.208.188:44332	172.28.208.188	1.0
172.28.198.11:49420	172.28.198.11	1.0
172.28.193.157:34459	172.28.193.157	1.0
172.28.198.11:49373	172.28.198.11	1.0
172.28.208.188:39157	172.28.208.188	1.0
172.28.211.45:54351	172.28.211.45	1.0
172.28.198.11:52652	172.28.198.11	1.0
172.28.209.73:39484	172.28.209.73	1.0
172.18.18.16:55673	172.18.18.16	1.0
172.28.208.188:44693	172.28.208.188	1.0
172.28.209.73:42188	172.28.209.73	1.0
172.28.211.45:23000	172.28.211.45	1.0
172.28.211.45:51032	172.28.211.45	1.0
172.28.193.157:34295	172.28.193.157	1.0
172.28.208.188:44152	172.28.208.188	1.0
172.28.193.157:51797	172.28.193.157	1.0
172.28.208.188:42116	172.28.208.188	1.0
172.28.193.157:33380	172.28.193.157	1.0
172.28.211.45:47430	172.28.211.45	1.0
172.28.193.157:33712	172.28.193.157	1.0
172.28.211.45:37006	172.28.211.45	1.0
172.18.18.16:55656	172.18.18.16	1.0
172.28.198.11:35600	172.28.198.11	1.0
172.28.209.73:36045	172.28.209.73	1.0
172.28.198.11:37639	172.28.198.11	1.0
172.28.211.45:52689	172.28.211.45	1.0
172.28.193.157:33233	172.28.193.157	1.0
172.28.208.188:56808	172.28.208.188	1.0
172.28.193.157:45090	172.28.193.157	1.0
172.28.193.157:55515	172.28.193.157	1.0
172.28.198.11:23001	172.28.198.11	1.0
172.28.193.157:35941	172.28.193.157	1.0
172.28.209.73:7051	172.28.209.73	1.0
172.28.198.11:49424	172.28.198.11	1.0
172.28.208.188:56887	172.28.208.188	1.0
172.28.211.45:38431	172.28.211.45	1.0
172.28.211.45:37809	172.28.211.45	1.0
172.28.208.188:42373	172.28.208.188	1.0
172.28.198.11:46592	172.28.198.11	1.0
172.28.208.188:53605	172.28.208.188	1.0
172.28.209.73:7184	172.28.209.73	1.0
172.28.193.157:35950	172.28.193.157	1.0
172.28.198.11:49557	172.28.198.11	1.0
172.28.193.157:45447	172.28.193.157	1.0
172.18.18.16:55675	172.18.18.16	1.0
172.28.198.11:49819	172.28.198.11	1.0
172.28.211.45:54394	172.28.211.45	1.0
172.28.193.157:34288	172.28.193.157	1.0
172.28.208.188:44682	172.28.208.188	1.0
172.28.198.11:35339	172.28.198.11	1.0
172.28.208.188:47483	172.28.208.188	1.0
172.28.198.11:40546	172.28.198.11	1.0
172.18.18.16:55671	172.18.18.16	1.0
172.28.208.1	172.28.208.1:0	1.0
172.28.193.157:34155	172.28.193.157	1.0
172.28.193.157:51862	172.28.193.157	1.0
172.28.198.11:48981	172.28.198.11	1.0
172.28.198.11:49476	172.28.198.11	1.0
172.28.211.45:48439	172.28.211.45	1.0
172.28.193.157:22	172.28.193.157	1.0
172.28.198.11:52683	172.28.198.11	1.0
172.28.198.11:58577	172.28.198.11	1.0
172.28.211.45:51965	172.28.211.45	1.0
172.28.198.11:35097	172.28.198.11	1.0
172.28.193.157:34116	172.28.193.157	1.0
172.28.208.188:44241	172.28.208.188	1.0
172.28.198.11:46666	172.28.198.11	1.0
172.28.193.157:56066	172.28.193.157	1.0
172.28.208.188:45436	172.28.208.188	1.0
172.28.198.11:40324	172.28.198.11	1.0
172.28.198.11:49343	172.28.198.11	1.0
172.28.209.73:48775	172.28.209.73	1.0
172.28.209.73:55676	172.28.209.73	1.0
172.28.193.157:56560	172.28.193.157	1.0
172.28.198.11:35354	172.28.198.11	1.0
172.28.211.45:37873	172.28.211.45	1.0
172.28.193.157:34205	172.28.193.157	1.0
172.28.208.188:44393	172.28.208.188	1.0
172.28.208.188:22	172.28.208.188	1.0
172.28.208.188:44184	172.28.208.188	1.0
172.28.198.11:52647	172.28.198.11	1.0
172.28.211.45:47442	172.28.211.45	1.0
172.28.211.45:48142	172.28.211.45	1.0
172.28.193.157:36305	172.28.193.157	1.0
172.28.208.188:44327	172.28.208.188	1.0
172.28.208.188:56821	172.28.208.188	1.0
172.28.192.1:0	172.28.192.1	1.0
172.28.211.45:53505	172.28.211.45	1.0
172.28.211.45:54380	172.28.211.45	1.0
172.28.209.73:52218	172.28.209.73	1.0
172.28.198.11:40138	172.28.198.11	1.0
172.28.193.157:55451	172.28.193.157	1.0
172.28.211.45:37833	172.28.211.45	1.0
172.28.193.157:52140	172.28.193.157	1.0
172.28.209.73:49803	172.28.209.73	1.0
172.28.193.157:45691	172.28.193.157	1.0
172.28.198.11:49725	172.28.198.11	1.0
172.28.193.157:60926	172.28.193.157	1.0
172.28.209.73:9997	172.28.209.73	1.0
172.28.198.11:35660	172.28.198.11	1.0
172.28.208.188:53799	172.28.208.188	1.0
172.28.208.188:35076	172.28.208.188	1.0
172.28.208.188:42136	172.28.208.188	1.0
172.28.208.188:44311	172.28.208.188	1.0
172.28.208.188:44225	172.28.208.188	1.0
172.28.208.188:53938	172.28.208.188	1.0
172.28.208.188:44451	172.28.208.188	1.0
172.28.208.188:53526	172.28.208.188	1.0
172.28.211.45:48414	172.28.211.45	1.0
172.28.211.45:60339	172.28.211.45	1.0
172.28.193.157:36560	172.28.193.157	1.0
172.28.211.45:52454	172.28.211.45	1.0
172.28.193.157:34030	172.28.193.157	1.0
172.28.198.11:34724	172.28.198.11	1.0
172.28.198.11:49043	172.28.198.11	1.0
172.28.209.73:48262	172.28.209.73	1.0
172.28.193.157:32775	172.28.193.157	1.0
172.28.209.73:54571	172.28.209.73	1.0
172.28.193.157:23001	172.28.193.157	1.0
172.28.211.45:37309	172.28.211.45	1.0
172.28.198.11:56196	172.28.198.11	1.0
172.28.208.188:44509	172.28.208.188	1.0
172.28.209.73:60359	172.28.209.73	1.0
172.28.208.188:44580	172.28.208.188	1.0
172.28.209.73:42332	172.28.209.73	1.0
172.28.211.45:53976	172.28.211.45	1.0
172.28.211.45:58690	172.28.211.45	1.0
172.28.198.11:40560	172.28.198.11	1.0
172.18.18.16:55654	172.18.18.16	1.0
172.18.18.16:55636	172.18.18.16	1.0
172.28.198.11:49374	172.28.198.11	1.0
172.28.208.188:53850	172.28.208.188	1.0
172.28.208.188:56638	172.28.208.188	1.0
172.28.208.188:42120	172.28.208.188	1.0
172.28.209.73:44333	172.28.209.73	1.0
172.28.193.157:36362	172.28.193.157	1.0
172.28.211.45:37075	172.28.211.45	1.0
172.28.193.157:56425	172.28.193.157	1.0
172.28.198.11:40569	172.28.198.11	1.0
172.28.209.73:48776	172.28.209.73	1.0
172.28.211.45:37909	172.28.211.45	1.0
172.28.209.73:8031	172.28.209.73	1.0
172.28.211.45:42407	172.28.211.45	1.0
172.28.198.11:49732	172.28.198.11	1.0
172.28.193.157:56257	172.28.193.157	1.0
172.28.211.45:54202	172.28.211.45	1.0
172.28.209.73:42359	172.28.209.73	1.0
172.28.209.73:55478	172.28.209.73	1.0
4.53.160.75	4.53.160.75:0	1.0
172.28.193.157:34460	172.28.193.157	1.0
172.28.198.11:37630	172.28.198.11	1.0
172.28.193.157:52138	172.28.193.157	1.0
172.28.193.157:33582	172.28.193.157	1.0
172.28.193.157:57082	172.28.193.157	1.0
172.28.198.11:40246	172.28.198.11	1.0
172.28.193.157:34434	172.28.193.157	1.0
172.28.211.45:53866	172.28.211.45	1.0
172.28.193.157:56010	172.28.193.157	1.0
172.28.198.11:40093	172.28.198.11	1.0
172.28.209.73:60451	172.28.209.73	1.0
172.28.198.11:49595	172.28.198.11	1.0
172.28.198.11:22	172.28.198.11	1.0
172.28.198.11:45122	172.28.198.11	1.0
172.28.211.45:48304	172.28.211.45	1.0
172.28.198.11:39764	172.28.198.11	1.0
172.28.193.157:33540	172.28.193.157	1.0
172.28.211.45:54456	172.28.211.45	1.0
172.28.193.157:52813	172.28.193.157	1.0
172.28.193.157:33526	172.28.193.157	1.0
172.28.193.157:55608	172.28.193.157	1.0
172.28.193.157:51796	172.28.193.157	1.0
172.28.211.45:52505	172.28.211.45	1.0
172.28.209.73:42238	172.28.209.73	1.0
10.17.181.104:0	10.17.181.104	1.0
172.28.208.188:56798	172.28.208.188	1.0
172.28.211.45:37380	172.28.211.45	1.0
172.28.208.188:56665	172.28.208.188	1.0
172.28.211.45:53981	172.28.211.45	1.0
172.28.198.11:46594	172.28.198.11	1.0
172.28.209.73:35568	172.28.209.73	1.0
172.28.209.73:53241	172.28.209.73	1.0
172.28.209.73:8020	172.28.209.73	1.0
172.28.198.11:52999	172.28.198.11	1.0
172.28.193.157:59590	172.28.193.157	1.0
172.28.198.11:35710	172.28.198.11	1.0
172.28.198.11:40627	172.28.198.11	1.0
172.28.208.188:35078	172.28.208.188	1.0
172.28.198.11:51998	172.28.198.11	1.0
172.28.211.45:37552	172.28.211.45	1.0
