1 2_A.L.accessrate_de___Aachen	2_A.L.	0.9527323455441113	0.4077583170435671	0.5317102227299787
2 2_A.L.accessrate_de___Abgasnorm	2_A.L.	1.0008591218651943	0.6093185068774256	0.7258867435413038
3 2_A.L.accessrate_de___Afrika	2_A.L.	0.9975032115327025	0.468910862538826	0.4214586163773171
4 2_A.L.accessrate_de___Airbus-A320-Familie	2_A.L.	0.7255899663140648	0.5731048779057115	0.7554684998808537
5 2_A.L.accessrate_de___Alamannen	2_A.L.	0.8909879640911273	0.5200011052792298	0.7670942494125103
6 2_A.L.accessrate_de___Asien	2_A.L.	1.0003106464839182	0.4222645625634832	0.48293305998602426
7 2_A.L.accessrate_de___Augsburg	2_A.L.	0.9303957932063528	0.5070821435149944	0.43610934373899346
8 2_A.L.accessrate_de___Bachelor	2_A.L.	0.9908903608344908	0.5535492564145976	0.2713560655507762
9 2_A.L.accessrate_de___Baden-Baden	2_A.L.	0.8617284811937775	0.4317788207281228	0.48330275341639684
10 2_A.L.accessrate_de___Baden-Württemberg	2_A.L.	0.8699369565430916	0.4745657952859103	0.4425580466950163
11 2_A.L.accessrate_de___Barock	2_A.L.	1.0554891932418304	0.5442582699352735	0.5829860769647863
12 2_A.L.accessrate_de___Bautzen	2_A.L.	0.8727101928102433	0.465496638076948	0.3632384874146953
13 2_A.L.accessrate_de___Bayern	2_A.L.	1.03165096678939	0.45496285326592606	0.6010584881757681
14 2_A.L.accessrate_de___Bochum	2_A.L.	0.9413169486757134	0.4083967411996922	0.6528708515059358
15 2_A.L.accessrate_de___Bodensee	2_A.L.	0.7574328464620509	0.4636961673074206	0.22133111099617145
16 2_A.L.accessrate_de___Bonn	2_A.L.	0.9700138423695183	0.4053020357191048	0.5126295413840409
17 2_A.L.accessrate_de___Botanik	2_A.L.	0.9313684177833459	0.4105366232515327	0.5000687314897534
18 2_A.L.accessrate_de___Bottrop	2_A.L.	0.8742767298117537	0.4267404911117786	0.48893534716742554
19 2_A.L.accessrate_de___Buddhismus	2_A.L.	0.9881537268764687	0.5300055734663812	0.4275197287780927
20 2_A.L.accessrate_de___Böhmen	2_A.L.	0.8611741846003316	0.5232911278046389	0.6977289279618991
21 2_A.L.accessrate_de___Calvinismus	2_A.L.	0.9346892397459635	0.5227572698609732	0.33630705665185295
22 2_A.L.accessrate_de___Campus	2_A.L.	0.7652933054363	0.5986564238344502	0.5981703172723184
23 2_A.L.accessrate_de___Chemnitz	2_A.L.	0.9398204429173663	0.49789845761007334	0.43419997435013485
24 2_A.L.accessrate_de___Christianisierung	2_A.L.	0.7954990870362588	0.5145526603596177	0.4993730560997237
25 2_A.L.accessrate_de___Darmstadt	2_A.L.	0.9571981526811394	0.43859981042131374	0.5259068575134859
26 2_A.L.accessrate_de___Dortmund	2_A.L.	0.9479155250981378	0.40156026368394127	0.6875339962758894
27 2_A.L.accessrate_de___Dresden	2_A.L.	0.9606495565296981	0.453707152239256	0.5409028923604241
28 2_A.L.accessrate_de___Duisburg	2_A.L.	0.9777220846907562	0.39939123015519373	0.5044623018627593
29 2_A.L.accessrate_de___Düsseldorf	2_A.L.	0.9065400643400079	0.3607665052629263	0.4549214559391651
30 2_A.L.accessrate_de___Eberbach	2_A.L.	0.7508579570250165	0.4946614184549262	0.5669029503492298
31 2_A.L.accessrate_de___Ehrenamt	2_A.L.	0.9088268953269176	0.602071336107572	0.40916186717522224
32 2_A.L.accessrate_de___Erlangen	2_A.L.	0.8833703842136275	0.5417604792612287	0.3341900466768796
33 2_A.L.accessrate_de___Essen	2_A.L.	0.9655902658820407	0.4800830435163153	0.4504890285008412
34 2_A.L.accessrate_de___Faksimile	2_A.L.	0.8428208135757558	0.6157226414783525	0.3047760401757859
35 2_A.L.accessrate_de___Feinstaub	2_A.L.	0.9087192557176221	0.5874651937795692	0.3623873534789796
36 2_A.L.accessrate_de___Flächennutzungsplan	2_A.L.	0.7995390498467666	0.684133086240842	0.38178558791887623
37 2_A.L.accessrate_de___Freikirche	2_A.L.	0.7320963191043143	0.4883341767488825	0.4891734723620744
38 2_A.L.accessrate_de___Freischärler	2_A.L.	0.7479335219826047	0.6077648247457594	0.6218766148353106
39 2_A.L.accessrate_de___Frühmittelalter	2_A.L.	0.8195828134989255	0.4727149316404115	0.4968139121298956
40 2_A.L.accessrate_de___Fußgängerzone	2_A.L.	0.8826943650041794	0.6119264894492601	0.8496459269547638
41 2_A.L.accessrate_de___Fürth	2_A.L.	0.7947442570643248	0.44273435631598557	0.5386335340182574
42 2_A.L.accessrate_de___Gegenreformation	2_A.L.	0.8217840059401436	0.5799459039399774	0.5399298134883552
43 2_A.L.accessrate_de___Gelsenkirchen	2_A.L.	0.9491757756753483	0.38307507533502305	0.4712758376022569
44 2_A.L.accessrate_de___Germanen	2_A.L.	0.9578475612775774	0.39852174401808915	0.8799660828260777
45 2_A.L.accessrate_de___Gesamtschule	2_A.L.	0.8788608258851229	0.5295937014908266	0.6001568507999648
46 2_A.L.accessrate_de___Graf	2_A.L.	0.765685428498953	0.44373260119501906	0.4669391854164157
47 2_A.L.accessrate_de___Grafikdesign	2_A.L.	0.9494030942612498	0.5290973007947957	0.5273392961982772
48 2_A.L.accessrate_de___Großstadt	2_A.L.	0.7786500098173431	0.49650462491576136	0.39984892370406483
49 2_A.L.accessrate_de___Gründerzeit	2_A.L.	0.889456762095348	0.49456064044556713	0.4027473012352398
50 2_A.L.accessrate_de___Göttingen	2_A.L.	0.940508638329965	0.37851409160174704	0.5231656983752958
51 2_A.L.accessrate_de___Hagen	2_A.L.	0.9069127754040284	0.42740246051225406	0.629940460331121
52 2_A.L.accessrate_de___Halsbandsittich	2_A.L.	0.7764721375161839	0.41851352367909983	0.516544432940048
53 2_A.L.accessrate_de___Hamburg	2_A.L.	0.9582251743233131	0.534243520784465	0.45489000425917403
54 2_A.L.accessrate_de___Heilbronn	2_A.L.	0.9160049809347719	0.4970537366612001	0.4216554628092701
55 2_A.L.accessrate_de___Herne	2_A.L.	0.8907402896832457	0.40026735295170957	0.5668285663630062
56 2_A.L.accessrate_de___Hessen	2_A.L.	0.9719797519355892	0.6423249004723055	0.6332723897462579
57 2_A.L.accessrate_de___Historismus	2_A.L.	0.9325070926975362	0.5760583495197061	0.44355432284041596
58 2_A.L.accessrate_de___Holocaust	2_A.L.	0.96628073306315	0.5507957284748337	0.5092891264035923
59 2_A.L.accessrate_de___Homo	2_A.L.	0.8805781820720966	0.49991693982819485	0.5338566745380853
60 2_A.L.accessrate_de___Humanismus	2_A.L.	1.0155580225730403	0.5077689164034305	0.40129723319432764
61 2_A.L.accessrate_de___Industrialisierung	2_A.L.	1.0495882518190314	0.5707934673808115	0.5221984753888306
62 2_A.L.accessrate_de___Ingolstadt	2_A.L.	0.9209576895934185	0.4194625234809648	0.6450352848291723
63 2_A.L.accessrate_de___Intercity-Express	2_A.L.	0.8848287067124299	0.824881778820833	0.7730570987840559
64 2_A.L.accessrate_de___Iran	2_A.L.	0.944758027220253	0.43630179394476615	0.474373193701959
65 2_A.L.accessrate_de___Islam	2_A.L.	0.9857301931197086	0.47691603746619093	0.6384895910192281
66 2_A.L.accessrate_de___Japan	2_A.L.	1.0380458703539273	0.42356420272376893	0.38858784996676854
67 2_A.L.accessrate_de___Jena	2_A.L.	0.9448183886226024	0.4961850412503139	0.4720251883610938
68 2_A.L.accessrate_de___Jesuiten	2_A.L.	0.8970045859356603	0.5134541792276377	0.40728444104856243
69 2_A.L.accessrate_de___Judentum	2_A.L.	1.002627616202136	0.6158630860508658	0.4596843088893257
70 2_A.L.accessrate_de___Jugendstil	2_A.L.	0.9430119934069549	0.5091198410881413	0.43410196778770477
71 2_A.L.accessrate_de___Kaiserslautern	2_A.L.	0.9034173126581077	0.49868072245390227	0.473828260822224
72 2_A.L.accessrate_de___Karlsruhe	2_A.L.	0.9321007176968811	0.450559509044685	0.796336144125835
73 2_A.L.accessrate_de___Karzer	2_A.L.	0.7474474331011348	0.5766908714586192	0.6073175331458835
74 2_A.L.accessrate_de___Kassel	2_A.L.	0.9283377604181797	0.4567812589040054	0.43240127786870136
75 2_A.L.accessrate_de___Kelten	2_A.L.	0.9541843033292147	0.4474668126894152	0.7011595538601217
76 2_A.L.accessrate_de___Kiel	2_A.L.	0.9001167059565247	0.480742658591104	0.46895285191144304
77 2_A.L.accessrate_de___Klassizismus	2_A.L.	1.005796797864594	0.5255736760173031	0.4253389476768969
78 2_A.L.accessrate_de___Koblenz	2_A.L.	0.936338412443897	0.44220693888619944	0.4719394859263083
79 2_A.L.accessrate_de___Konstanz	2_A.L.	0.9055966693509433	0.46557704521221516	0.30844688860493946
80 2_A.L.accessrate_de___Kraftfahrzeug	2_A.L.	0.9401587567112444	0.5136633437571163	0.3220438605603956
81 2_A.L.accessrate_de___Krefeld	2_A.L.	0.9426949545202534	0.36867535873964985	0.4724391093042144
82 2_A.L.accessrate_de___Kurfürst	2_A.L.	0.802152778943837	0.8607883759382076	0.6205293921538396
83 2_A.L.accessrate_de___Kurpfalz	2_A.L.	0.8349755420820466	0.4761233139813026	0.6751912724473238
84 2_A.L.accessrate_de___Köln	2_A.L.	0.8195575849981342	0.429348799115704	0.4888728051471729
85 2_A.L.accessrate_de___Ladenburg	2_A.L.	0.801477641989422	0.5588756963991076	0.5720570206135533
86 2_A.L.accessrate_de___Lehnswesen	2_A.L.	0.9716887886881577	0.5117912334976896	0.5436911957536645
87 2_A.L.accessrate_de___Leverkusen	2_A.L.	0.9107006180024931	0.4000473112971434	0.4995130310000464
88 2_A.L.accessrate_de___Lithografie	2_A.L.	0.9274070637278571	0.5044800911597171	0.3355240658311154
89 2_A.L.accessrate_de___Lufthansa	2_A.L.	0.7834549661138155	0.4760029546261391	0.8490629567389095
90 2_A.L.accessrate_de___Lübeck	2_A.L.	0.8934000602612014	0.37395089112145374	0.4963843878795153
91 2_A.L.accessrate_de___Magdeburg	2_A.L.	0.981581751096245	0.4128181797720388	0.4051635599326251
92 2_A.L.accessrate_de___Mainz	2_A.L.	0.9258974939956484	0.44134531404764055	0.4524596276431415
93 2_A.L.accessrate_de___Mandel	2_A.L.	0.840536582632543	0.42766239675255124	0.4788160620487467
94 2_A.L.accessrate_de___Mannheim	2_A.L.	0.9963200757929438	0.3717722226888772	0.44053678905479443
95 2_A.L.accessrate_de___Master	2_A.L.	0.977339238182662	0.5082626469941783	0.357607540456825
96 2_A.L.accessrate_de___Max-Planck-Gesellschaft	2_A.L.	1.0145421419530658	0.8501250643772079	0.7130929154364837
97 2_A.L.accessrate_de___Merowinger	2_A.L.	0.8631811126408551	0.7497583089275146	0.7468891589568198
98 2_A.L.accessrate_de___Migrationshintergrund	2_A.L.	0.8699427063798081	0.5468542969706208	0.6948152098734074
99 2_A.L.accessrate_de___Mittelalter	2_A.L.	1.0886612893466763	0.4296803488899127	0.5021069199053252
100 2_A.L.accessrate_de___Mittelrhein	2_A.L.	0.6664907674659624	0.55939210193356	0.43172499862494557
101 2_A.L.accessrate_de___Moers	2_A.L.	0.8783322020202872	0.4350760502972418	0.4469095445114241
102 2_A.L.accessrate_de___Montpellier	2_A.L.	0.8747784849811667	0.445184064444679	0.4882581269929717
103 2_A.L.accessrate_de___Mormonen	2_A.L.	0.8291140205160523	0.7042340547131652	0.6798968273283362
104 2_A.L.accessrate_de___Mosbach	2_A.L.	0.8013926145380277	0.48571135432387547	0.4406839748831684
105 2_A.L.accessrate_de___Mönchengladbach	2_A.L.	0.8550385317562715	0.4101871450635896	0.4831121474086405
106 2_A.L.accessrate_de___München	2_A.L.	0.7387659940641633	0.46658607249206435	0.49832384846190214
107 2_A.L.accessrate_de___NATO	2_A.L.	0.9864976934387242	0.7630466343051093	0.753815787392631
108 2_A.L.accessrate_de___Nationalsozialismus	2_A.L.	1.0359585217558132	0.49215972370104516	0.482331792719745
109 2_A.L.accessrate_de___Neandertaler	2_A.L.	1.0083527528415603	0.4950957309789307	0.5464344445291359
110 2_A.L.accessrate_de___Neckar	2_A.L.	0.8619137799057673	0.5354183842741768	0.5363709818132761
111 2_A.L.accessrate_de___Neckar-Odenwald-Kreis	2_A.L.	0.6705398261945926	0.5605063522772543	0.6438921493755982
112 2_A.L.accessrate_de___Neuss	2_A.L.	0.9291369496319621	0.5840230806295119	0.5403538638379705
113 2_A.L.accessrate_de___Nobelpreis	2_A.L.	0.8835276093485526	0.7390671760939197	1.0320922705797588
114 2_A.L.accessrate_de___Nußloch	2_A.L.	0.5833439981995963	0.6430792223539263	0.6300902613297424
115 2_A.L.accessrate_de___Nürnberg	2_A.L.	0.8509245390260839	0.34004819662905245	0.6631279288206515
116 2_A.L.accessrate_de___Oberhausen	2_A.L.	0.9420002023500309	0.35586888591282717	0.58692575801404
117 2_A.L.accessrate_de___Oberzentrum	2_A.L.	0.745971111274548	0.54213216073613	0.5493027469357544
118 2_A.L.accessrate_de___Odenwald	2_A.L.	0.80996281523829	0.46839456117280504	0.5931810953573499
119 2_A.L.accessrate_de___Olivenbaum	2_A.L.	0.9683761788986465	0.39175346576040887	0.5411394342736487
120 2_A.L.accessrate_de___Ombudsmann	2_A.L.	0.826882500929874	0.7706433591558095	0.2249086622106868
121 2_A.L.accessrate_de___Ortenaukreis	2_A.L.	0.7423919932096726	0.4957177824544841	0.5183084313062997
122 2_A.L.accessrate_de___Osnabrück	2_A.L.	0.9102831404879055	0.37100465291531126	0.6249825336843923
123 2_A.L.accessrate_de___Ostasien	2_A.L.	0.8300242240627566	0.5251049142531324	0.4866635441450358
124 2_A.L.accessrate_de___Ostern	2_A.L.	1.055341334864513	0.4860011916171606	1.2337714121376548
125 2_A.L.accessrate_de___Ozeanien	2_A.L.	0.8929364366480579	0.45103235404756203	0.5198439659752493
126 2_A.L.accessrate_de___Paläontologie	2_A.L.	0.8918536572743809	0.48230935343166315	0.5091001179803915
127 2_A.L.accessrate_de___Passivhaus	2_A.L.	0.8950924479455153	0.5338016391038571	0.346098892640374
128 2_A.L.accessrate_de___Pforzheim	2_A.L.	0.8948490722757957	0.49623922529495007	0.37125968099454587
129 2_A.L.accessrate_de___Potsdam	2_A.L.	0.9467432623516562	0.43530253156412396	0.383374766971185
130 2_A.L.accessrate_de___Prag	2_A.L.	0.956223512214711	0.4758161224505585	0.38948567078374957
131 2_A.L.accessrate_de___Rabbiner	2_A.L.	0.6669896672877719	0.4643918648853015	0.6390438944259592
132 2_A.L.accessrate_de___Recklinghausen	2_A.L.	0.8936707042729519	0.4262531237396883	0.6172567480838294
133 2_A.L.accessrate_de___Regensburg	2_A.L.	0.9533658370561855	0.42774204632901	0.3602179337480983
134 2_A.L.accessrate_de___Reichsarbeitsdienst	2_A.L.	0.8303368732139687	0.670405946000115	0.6117125755713412
135 2_A.L.accessrate_de___Reichsdeputationshauptschluss	2_A.L.	0.8878479120132714	0.8679485795151071	0.7295139433419264
136 2_A.L.accessrate_de___Rems-Murr-Kreis	2_A.L.	0.6326621577579786	0.5422750353666256	0.5561518912063455
137 2_A.L.accessrate_de___Remscheid	2_A.L.	0.8652901954411494	0.4824670413829307	0.5296892199207242
138 2_A.L.accessrate_de___Renaissance	2_A.L.	1.028456753634062	0.5572763578481091	0.48529999965383586
139 2_A.L.accessrate_de___Reutlingen	2_A.L.	0.9246360103615617	0.46583111571392916	0.586450476317839
140 2_A.L.accessrate_de___Rhein	2_A.L.	0.9329056772405259	0.4514012370269338	0.45333800050265477
141 2_A.L.accessrate_de___Rhein-Neckar-Dreieck	2_A.L.	0.7437088701669969	0.5541814418342152	0.5454008977170808
142 2_A.L.accessrate_de___Rhein-Neckar-Kreis	2_A.L.	0.8390917549023197	0.7520237105493797	0.6459601139608486
143 2_A.L.accessrate_de___Rheinland-Pfalz	2_A.L.	0.9489012732499611	0.5056683038309118	0.41643401413154213
144 2_A.L.accessrate_de___Romantik	2_A.L.	1.0346110196887972	0.615413703338727	0.4952053465800373
145 2_A.L.accessrate_de___Rostock	2_A.L.	0.95738054101698	0.45027365447370243	0.42055114831184665
146 2_A.L.accessrate_de___SAP	2_A.L.	0.9572278131893137	0.7168962376839586	0.5784207540254869
147 2_A.L.accessrate_de___Saarbrücken	2_A.L.	0.8741340345341073	0.4599758728741709	0.4325316360420339
148 2_A.L.accessrate_de___Saarland	2_A.L.	0.8749484735261409	0.6095403046923148	0.675179016967425
149 2_A.L.accessrate_de___Salzburg	2_A.L.	0.9386572178505772	0.4419849919018201	0.4764997539399741
150 2_A.L.accessrate_de___Sandhausen	2_A.L.	0.7960881655586155	0.5779275874199526	0.511042241315657
151 2_A.L.accessrate_de___Schwetzingen	2_A.L.	0.8134168588933764	0.41174846331203985	0.6240694965166016
152 2_A.L.accessrate_de___Simferopol	2_A.L.	0.7332264972886309	0.4398138557321219	0.7827962684393638
153 2_A.L.accessrate_de___Solingen	2_A.L.	0.9066054126450013	0.479613796370673	0.5467832918042953
154 2_A.L.accessrate_de___Spektroskopie	2_A.L.	0.9497478103438849	0.7621528680146558	0.436225996641211
155 2_A.L.accessrate_de___Speyer	2_A.L.	0.8442106312714895	0.5514303045524122	0.542281671559629
156 2_A.L.accessrate_de___Staatsanwaltschaft	2_A.L.	0.8131310667888366	0.5839493607370311	0.38002122503028385
157 2_A.L.accessrate_de___Stadt	2_A.L.	1.009578730321213	0.5297218565328967	0.46962549535125864
158 2_A.L.accessrate_de___Stadtverwaltung	2_A.L.	0.825871874231757	0.7043687874165517	0.2790324348408669
159 2_A.L.accessrate_de___Steinzeit	2_A.L.	0.957983147940902	0.4880260281105827	0.6070894716369757
160 2_A.L.accessrate_de___Stolpersteine	2_A.L.	0.6944358908147407	0.7730403812182683	0.6550903886866316
161 2_A.L.accessrate_de___Stralsund	2_A.L.	0.9216803198584114	0.49565545441937847	0.7204271481543565
162 2_A.L.accessrate_de___Stuttgart	2_A.L.	0.960798857240809	0.4936806375426746	0.42837754576091075
163 2_A.L.accessrate_de___Symbol	2_A.L.	1.036185852267434	0.4812455252641538	0.3481706167150677
164 2_A.L.accessrate_de___Synagoge	2_A.L.	0.7810976967070439	0.571097312374749	0.5999898246815782
165 2_A.L.accessrate_de___Säkularisation	2_A.L.	0.9225305420417423	0.5822459096508992	0.41592221446186367
166 2_A.L.accessrate_de___Südafrika	2_A.L.	0.4572345691752978	0.509943103797932	0.5296146513791051
167 2_A.L.accessrate_de___Südwestrundfunk	2_A.L.	0.7217078021762565	0.3890411507417265	0.48101019849306154
168 2_A.L.accessrate_de___Tageszeitung	2_A.L.	0.8479668773137667	0.608895268707228	0.36183845371902085
169 2_A.L.accessrate_de___Tal	2_A.L.	0.8175164435177156	0.5364182281135563	0.4156518583411819
170 2_A.L.accessrate_de___Tauberbischofsheim	2_A.L.	0.7835384381954386	0.5050729992324605	0.6196781583842783
171 2_A.L.accessrate_de___Triathlon	2_A.L.	0.8629079529375311	0.9581977706785938	0.6302409630024377
172 2_A.L.accessrate_de___Trier	2_A.L.	0.981652550470659	0.40698665802927136	0.4881643240258219
173 2_A.L.accessrate_de___UNESCO	2_A.L.	0.7342790120476006	0.5871027816091866	0.8777784445620604
174 2_A.L.accessrate_de___UNESCO-Welterbe	2_A.L.	0.9799378130404446	0.8765365556798984	0.9596358778810705
175 2_A.L.accessrate_de___Ukraine	2_A.L.	0.984653961887652	0.5368936853516244	0.4510126426641769
176 2_A.L.accessrate_de___Ulm	2_A.L.	0.9274338572810991	0.4762590450308403	0.3918234254624278
177 2_A.L.accessrate_de___Umbrien	2_A.L.	0.7662940882179997	0.6075854558827822	0.7291029084065982
178 2_A.L.accessrate_de___Umweltzone	2_A.L.	0.9115872848279679	0.7943575681657156	0.8515859549822152
179 2_A.L.accessrate_de___Volkshochschule	2_A.L.	0.8018814057021056	0.569806487815541	0.7760848936637575
180 2_A.L.accessrate_de___Vormärz	2_A.L.	0.9832994462983278	0.625126047701326	0.5579692189915781
181 2_A.L.accessrate_de___Waldorfschule	2_A.L.	0.9575965503252895	0.4246431423077486	0.57442527246818
182 2_A.L.accessrate_de___Wappen	2_A.L.	0.8606341197552636	0.5972001825048863	0.45673019186430086
183 2_A.L.accessrate_de___Wehrmacht	2_A.L.	0.9134564372025581	0.3430551104320905	0.6433849674760667
184 2_A.L.accessrate_de___Wien	2_A.L.	0.9383069794127857	0.5496182778188654	0.3582323672623206
185 2_A.L.accessrate_de___Wiesbaden	2_A.L.	0.941262939514946	0.4495194419074574	0.4829390471408805
186 2_A.L.accessrate_de___Wiesloch	2_A.L.	0.8342037025108685	0.5068529786062145	0.4824529231912781
187 2_A.L.accessrate_de___Wittelsbach	2_A.L.	0.8760621307585648	0.721812621789727	0.6686000009152835
188 2_A.L.accessrate_de___Wohlfahrtsverband	2_A.L.	0.8010540609970288	0.6449711360219477	0.3332386658890611
189 2_A.L.accessrate_de___Wolfsburg	2_A.L.	0.9012475494866756	0.7197680619669183	0.5475570710592306
190 2_A.L.accessrate_de___Worms	2_A.L.	0.8989011267525502	0.4453673058325361	0.46782629110617435
191 2_A.L.accessrate_de___Wuppertal	2_A.L.	0.9691151898396405	0.4281617661924209	0.5335398100554158
192 2_A.L.accessrate_de___Würzburg	2_A.L.	0.8361051406674939	0.4390880499607964	0.4922851899801819
193 2_A.L.accessrate_de___Zoologie	2_A.L.	0.9090204248949854	0.4180142841288571	0.4884756445201503
194 2_A.L.accessrate_de___Zwangsarbeit	2_A.L.	0.7877145564051838	0.5239750998073658	0.4716434250117327
195 2_A.L.accessrate_de___Zürich	2_A.L.	0.8390470400601723	0.45217583701387043	0.40559839536135417
196 2_A.L.accessrate_de___Ägyptologie	2_A.L.	0.7764673664558288	0.558345244475436	0.5548360051236847
197 2_A.L.accessrate_de___Österreich	2_A.L.	0.965512960823817	0.4739666754983299	0.5823931633312048
1 2_B.L.accessrate_af___Duitsland	2_B.L.	0.6988711115015318	0.4711396891918445	0.6439162119716927
2 2_B.L.accessrate_ar___ألمانيا	2_B.L.	0.804629264300861	0.40217220020746497	0.5490109672811594
3 2_B.L.accessrate_ar___فرنسا	2_B.L.	0.8837532531323762	0.32829274573453254	0.5568936039839661
4 2_B.L.accessrate_ar___فيزياء	2_B.L.	0.8918589273084823	0.33740933001473794	0.738265204008121
5 2_B.L.accessrate_bar___Minga	2_B.L.	0.7452702302316129	0.5376092440756014	0.4409248025734691
6 2_B.L.accessrate_bg___Израел	2_B.L.	0.7502544461053706	0.43951274003697716	0.5595436911150363
7 2_B.L.accessrate_bg___Общомедия	2_B.L.	0.7581265995471848	0.41111171781003475	0.5912268035394477
8 2_B.L.accessrate_bg___Украйна	2_B.L.	0.7132920065362852	0.46530242739283134	0.5083083683400519
9 2_B.L.accessrate_bg___Япония	2_B.L.	0.8363619168248697	0.44560005483103754	0.7452003672561248
10 2_B.L.accessrate_bs___Evropa	2_B.L.	0.712950634918427	0.44923895291949695	0.6576603306038841
11 2_B.L.accessrate_ca___Alemanya	2_B.L.	0.7269305733417284	0.5413404303774535	0.5765739143347337
12 2_B.L.accessrate_cs___Berlín	2_B.L.	0.8100509286492302	0.4814458862757596	0.546928481019061
13 2_B.L.accessrate_cs___Drážďany	2_B.L.	0.698843328117076	0.4164630914919161	0.8413603164717074
14 2_B.L.accessrate_cs___Izrael	2_B.L.	0.868556056185933	0.5019659198059555	0.576100495613343
15 2_B.L.accessrate_cs___Japonsko	2_B.L.	0.8574214717842665	0.46168166501455055	0.5891703990146615
16 2_B.L.accessrate_cs___Keltové	2_B.L.	0.7526301898087148	0.423308354376093	0.6741985020323471
17 2_B.L.accessrate_cs___Mnichov	2_B.L.	0.7086468497692772	0.5922769078559317	0.4903230333140429
18 2_B.L.accessrate_cs___Město	2_B.L.	0.754239582264315	0.41675245502650343	0.4825126085943805
19 2_B.L.accessrate_cs___Rakousko	2_B.L.	0.9165164436433015	0.5609359910363939	0.5505311126526494
20 2_B.L.accessrate_cs___Ukrajina	2_B.L.	0.8321845381125555	0.43434674066156687	0.5246972490687398
21 2_B.L.accessrate_en___Aachen	2_B.L.	0.7310049656516182	0.6073826964448578	0.4880132966776877
22 2_B.L.accessrate_en___Almond	2_B.L.	0.7260324386763624	0.636084795635022	0.3137884276501544
23 2_B.L.accessrate_en___Alsace	2_B.L.	0.7476213883924873	0.6561202513679344	0.30820973904714516
24 2_B.L.accessrate_en___Anime	2_B.L.	0.7580287695892362	0.3622276408924338	0.3768219070902838
25 2_B.L.accessrate_en___Arnhem	2_B.L.	0.7623403101758313	0.5346592533423352	0.6256817615414385
26 2_B.L.accessrate_en___Aschaffenburg	2_B.L.	0.6308234006284813	0.5102933834286209	0.428988581608039
27 2_B.L.accessrate_en___Atlanta	2_B.L.	0.8375094155083879	0.5093141158380442	0.7076722550757251
28 2_B.L.accessrate_en___Augsburg	2_B.L.	0.6910187562093528	0.5983837580673392	0.3607800681323842
29 2_B.L.accessrate_en___Australia	2_B.L.	0.6289826570912038	0.8780124826178797	0.36285378755769043
30 2_B.L.accessrate_en___Austria	2_B.L.	0.748526618514891	0.6874141874004082	0.5610336882889493
31 2_B.L.accessrate_en___Baden-Baden	2_B.L.	0.7013608222397589	0.7020830404325257	0.48777967123358906
32 2_B.L.accessrate_en___Baden-Württemberg	2_B.L.	0.6499272557999085	0.5538931679233585	0.4043327031506055
33 2_B.L.accessrate_en___Baroque	2_B.L.	0.7359792116454894	0.8508517299306684	0.4582683144585118
34 2_B.L.accessrate_en___Beijing	2_B.L.	0.6275650928011747	0.748879534238143	1.290027321665595
35 2_B.L.accessrate_en___Bielefeld	2_B.L.	0.6931342382759396	0.5539180734130892	0.48651796399378056
36 2_B.L.accessrate_en___Bochum	2_B.L.	0.6973394161418841	0.5232706919946278	0.7540292912557879
37 2_B.L.accessrate_en___Brazil	2_B.L.	0.7800648302001334	0.7576199309705041	0.33083992175660004
38 2_B.L.accessrate_en___Bremerhaven	2_B.L.	0.6398311333350372	0.5951868908935248	0.33142457485602017
39 2_B.L.accessrate_en___Canada	2_B.L.	0.7596262942801202	0.6965579566032933	0.44809364149209696
40 2_B.L.accessrate_en___Carsharing	2_B.L.	0.5965026148358874	0.6209763166110532	0.34723062626681456
41 2_B.L.accessrate_en___Castra	2_B.L.	0.6649966558381791	0.6409039056198855	0.47927308519300715
42 2_B.L.accessrate_en___Celts	2_B.L.	0.7264609601758548	0.7541436815273305	0.7943768520866157
43 2_B.L.accessrate_en___Chemist	2_B.L.	0.8019402257558639	0.6830220290922924	1.0090999994525105
44 2_B.L.accessrate_en___Chemnitz	2_B.L.	0.6837077144993983	0.4809582974806588	0.5254847065363678
45 2_B.L.accessrate_en___Cologne	2_B.L.	0.7263581356026004	0.5810844611759861	0.45550255174041354
46 2_B.L.accessrate_en___Commune	2_B.L.	0.7135527474687988	0.7185094406062069	0.3049434021659813
47 2_B.L.accessrate_en___Cottbus	2_B.L.	0.7133568243031819	0.4909191538612728	0.6175726865597818
48 2_B.L.accessrate_en___Darmstadt	2_B.L.	0.690396397679375	0.5863252724107432	0.4804101903020777
49 2_B.L.accessrate_en___Dortmund	2_B.L.	0.7481287208556522	0.4749992162842311	0.676559053711192
50 2_B.L.accessrate_en___Dresden	2_B.L.	0.7323563637483085	0.6556137097489662	0.4848934060745983
51 2_B.L.accessrate_en___Duisburg	2_B.L.	0.7188302619900332	0.49183643935553306	0.46869828282658144
52 2_B.L.accessrate_en___Ecclesiastical	2_B.L.	0.6706212394690015	0.6894859572118731	0.8481791610350743
53 2_B.L.accessrate_en___Erlangen	2_B.L.	0.6824933470920355	0.632250655743421	0.4974966393638048
54 2_B.L.accessrate_en___Essen	2_B.L.	0.7259012507167036	0.6620826205900749	0.543160652879379
55 2_B.L.accessrate_en___Funicular	2_B.L.	0.7365633935953251	0.7029943618666176	0.6006915795390206
56 2_B.L.accessrate_en___Gelsenkirchen	2_B.L.	0.7206734320475675	0.9053315997880954	0.7298246467166376
57 2_B.L.accessrate_en___Greece	2_B.L.	0.7661982975176852	0.7345895356645268	0.6026272824690347
58 2_B.L.accessrate_en___Göttingen	2_B.L.	0.6422994976455101	0.5323550200280663	0.493936452640837
59 2_B.L.accessrate_en___Hagen	2_B.L.	0.6964787623996281	0.6446036277806134	0.53595123594919
60 2_B.L.accessrate_en___Hamburg	2_B.L.	0.746501763162858	0.5859797302238762	0.3730741951362377
61 2_B.L.accessrate_en___Hamm	2_B.L.	0.6900627935955188	0.6027404245478041	0.9084933165650493
62 2_B.L.accessrate_en___Heilbronn	2_B.L.	0.7116598680111367	0.6498864843051124	0.5359697510256882
63 2_B.L.accessrate_en___Hesse	2_B.L.	0.7330651880911868	0.6403851299898786	0.31255828919136147
64 2_B.L.accessrate_en___Hildesheim	2_B.L.	0.6703269339569137	0.5863978930742594	0.5521901739548326
65 2_B.L.accessrate_en___Hohenstaufen	2_B.L.	0.6201326437812825	0.8787058296408176	0.7007310087177528
66 2_B.L.accessrate_en___Humanities	2_B.L.	0.735521745001154	0.8645466809747376	0.8873568426443615
67 2_B.L.accessrate_en___Ingolstadt	2_B.L.	0.6740948698080846	0.5604719647962125	0.4649935965810065
68 2_B.L.accessrate_en___Israel	2_B.L.	0.701679335227068	1.0104153567875838	0.6411046647284756
69 2_B.L.accessrate_en___Japan	2_B.L.	0.6943897874148199	0.8154516326696185	0.3457776449609385
70 2_B.L.accessrate_en___Jena	2_B.L.	0.7082525828361006	0.5905028551923099	0.5582043622899374
71 2_B.L.accessrate_en___Jurisprudence	2_B.L.	0.6996154919575087	0.864088447214275	0.5080578816522867
72 2_B.L.accessrate_en___Kaiserslautern	2_B.L.	0.773765055159047	0.6995395879430337	0.47499944029704383
73 2_B.L.accessrate_en___Karlsruhe	2_B.L.	0.7396664273695169	0.5936281964646556	0.41026760775724447
74 2_B.L.accessrate_en___Kassel	2_B.L.	0.8777941042481638	0.8043539964238574	0.5115924003781179
75 2_B.L.accessrate_en___Kiel	2_B.L.	0.69598374793147	0.5903836371744756	0.46387058244813734
76 2_B.L.accessrate_en___Koblenz	2_B.L.	0.7012195696445286	0.525047520727876	0.608562739251677
77 2_B.L.accessrate_en___Krefeld	2_B.L.	0.6675738643398642	0.5370829630867424	0.47064748505756737
78 2_B.L.accessrate_en___Kristallnacht	2_B.L.	0.8243512671679394	1.0481201086188154	0.8657187903545843
79 2_B.L.accessrate_en___Kumamoto	2_B.L.	0.5896126417538979	0.6228693538950406	0.4773919404522874
80 2_B.L.accessrate_en___Landau	2_B.L.	0.7097479718186198	0.8651373344443614	0.6453511523317849
81 2_B.L.accessrate_en___Leverkusen	2_B.L.	0.6922620562652443	0.6289320671913122	0.6665351125309836
82 2_B.L.accessrate_en___Ludwigshafen	2_B.L.	0.8136470093182498	1.024957655435725	0.7529320531876806
83 2_B.L.accessrate_en___Luftwaffe	2_B.L.	0.7260300210856064	0.6723819011620097	0.5761645125235733
84 2_B.L.accessrate_en___Luxembourg	2_B.L.	0.7324657362398067	0.7290537178666147	0.43876458143451535
85 2_B.L.accessrate_en___Lübeck	2_B.L.	0.6826285825439188	0.5257082032261838	0.47963017238969224
86 2_B.L.accessrate_en___Magdeburg	2_B.L.	0.6958797734841534	0.534945931190556	0.5446087192705754
87 2_B.L.accessrate_en___Mainz	2_B.L.	0.7049385031258981	0.9909179874224691	0.6120516501598677
88 2_B.L.accessrate_en___Manga	2_B.L.	0.6924998547699911	0.47078863765691276	0.43789666341293326
89 2_B.L.accessrate_en___Mannheim	2_B.L.	0.6256048534010601	0.5500285697515775	0.374385736745095
90 2_B.L.accessrate_en___Midsummer	2_B.L.	0.9348613134109413	1.032525087014674	1.2574985858039456
91 2_B.L.accessrate_en___Monastery	2_B.L.	0.7381686336658226	0.6747530417153349	0.5527950052035208
92 2_B.L.accessrate_en___Monster	2_B.L.	0.7984085052319457	0.6738513591151531	0.7918216704566123
93 2_B.L.accessrate_en___Montpellier	2_B.L.	0.770313835391932	0.5313598567740954	0.43781006731754746
94 2_B.L.accessrate_en___Mönchengladbach	2_B.L.	0.6941289235238055	0.5169862697472256	0.549657884177269
95 2_B.L.accessrate_en___Münster	2_B.L.	0.6607863645307673	0.5637359933740217	0.39189228186396136
96 2_B.L.accessrate_en___NATO	2_B.L.	0.7299099600334582	0.944870845455399	1.1001050453182322
97 2_B.L.accessrate_en___NSDAP	2_B.L.	0.6934959104995987	0.6265240826279684	0.7685181750367007
98 2_B.L.accessrate_en___Nuremberg	2_B.L.	0.7655655247615015	0.7080788122942777	0.413581812388694
99 2_B.L.accessrate_en___Oberhausen	2_B.L.	0.6625107891772116	0.5227056777381491	0.5405770910426464
100 2_B.L.accessrate_en___Oldenburg	2_B.L.	0.6960807952016593	0.600943241812594	0.45995330240704396
101 2_B.L.accessrate_en___Osnabrück	2_B.L.	0.7047430450756813	0.5963078776661095	0.44788002717087666
102 2_B.L.accessrate_en___Paderborn	2_B.L.	0.7110729478908676	0.45751914690017625	0.4415899906324176
103 2_B.L.accessrate_en___Pakistan	2_B.L.	0.6980304801923289	0.6593460736034485	0.9731337486286601
104 2_B.L.accessrate_en___Pennsylvania	2_B.L.	0.8018862736357589	0.7776415933255945	0.5625876112626181
105 2_B.L.accessrate_en___Pforzheim	2_B.L.	0.6193577545649558	0.6607051432162948	0.609595256151135
106 2_B.L.accessrate_en___Philippines	2_B.L.	0.6446204431845602	0.7418677872200838	0.5369187134749062
107 2_B.L.accessrate_en___Portal:Germany	2_B.L.	0.6060749259951909	0.5086413623523861	0.5000403140853062
108 2_B.L.accessrate_en___Potsdam	2_B.L.	0.7055628711308212	0.761003177605734	0.4466949822942811
109 2_B.L.accessrate_en___Prince-elector	2_B.L.	0.6870274317812122	0.7790727321867751	0.6326371077384598
110 2_B.L.accessrate_en___Prussia	2_B.L.	0.7575829914162422	0.5979759148109942	0.5372253589515735
111 2_B.L.accessrate_en___Quidditch	2_B.L.	0.7775306835057855	0.5619665635607667	0.759113004237619
112 2_B.L.accessrate_en___Regensburg	2_B.L.	0.7216422685805437	0.5426728741018587	0.42235992301070885
113 2_B.L.accessrate_en___Rehovot	2_B.L.	0.6400412129518569	0.576731595425296	0.4630903303326648
114 2_B.L.accessrate_en___Renaissance	2_B.L.	0.7379058643898994	0.9314127091827585	0.4016866691434189
115 2_B.L.accessrate_en___Rhine	2_B.L.	0.7562387799420929	0.7826901135193381	0.4304931587069694
116 2_B.L.accessrate_en___Rhineland-Palatinate	2_B.L.	0.726400704421476	0.5507782721883017	0.34447731901599327
117 2_B.L.accessrate_en___Romanticism	2_B.L.	0.7533773859228563	0.9875779198444125	0.41149447120844074
118 2_B.L.accessrate_en___Rostock	2_B.L.	0.7208446819231955	0.6446199934171523	0.48640806644646506
119 2_B.L.accessrate_en___Ruins	2_B.L.	0.7818915205138999	0.8575855842757398	0.9487605087355517
120 2_B.L.accessrate_en___SS	2_B.L.	0.7058655551219428	0.7509238101279483	0.8899361326461164
121 2_B.L.accessrate_en___Saarbrücken	2_B.L.	0.6442176641596523	0.5480911997898563	0.4554686699830563
122 2_B.L.accessrate_en___Saarland	2_B.L.	0.7026609053460937	0.607819551218141	0.6278632423990557
123 2_B.L.accessrate_en___Seoul	2_B.L.	0.6264150715724784	0.7402501794264841	0.6331841612887003
124 2_B.L.accessrate_en___Siberia	2_B.L.	0.7288721975207079	0.5995446152414936	0.5526316341946217
125 2_B.L.accessrate_en___Siegen	2_B.L.	0.6509471347439669	0.5315750683236699	0.5488459650531785
126 2_B.L.accessrate_en___Simferopol	2_B.L.	0.6958496695727776	0.5326882789019266	0.49203867539427587
127 2_B.L.accessrate_en___Sinsheim	2_B.L.	0.8089645190161808	0.9782955681540968	0.8211258498907165
128 2_B.L.accessrate_en___Sinti	2_B.L.	0.7713368439045563	0.9703377728456664	0.5506565211938217
129 2_B.L.accessrate_en___Solingen	2_B.L.	0.6306370091557708	0.5106467445691258	0.4851348845768937
130 2_B.L.accessrate_en___Spain	2_B.L.	0.7803272509564283	0.8222400080447294	0.4783104279272668
131 2_B.L.accessrate_en___Speyer	2_B.L.	0.6749983856561722	0.7657177533527069	0.5651185841225616
132 2_B.L.accessrate_en___Stuttgart	2_B.L.	0.6548207094592854	0.583070674823907	0.42555569426423423
133 2_B.L.accessrate_en___Sweden	2_B.L.	0.7637089622709092	0.6311032395587384	0.43756240520040346
134 2_B.L.accessrate_en___Sydney	2_B.L.	0.624437671422557	0.7667585677312523	0.5373299099344065
135 2_B.L.accessrate_en___Tokyo	2_B.L.	0.6286593687201415	0.6862118877313127	0.4540280686866436
136 2_B.L.accessrate_en___Toronto	2_B.L.	0.8186838667712921	0.45634667875912427	0.3271669533626902
137 2_B.L.accessrate_en___Tourism	2_B.L.	0.7773872683690858	0.7748394369715823	0.49325289445185416
138 2_B.L.accessrate_en___Trier	2_B.L.	0.7386433803623386	0.6190882889497389	0.4799369191096628
139 2_B.L.accessrate_en___Tübingen	2_B.L.	0.6698139048584366	0.5175682828758034	0.5657833687413376
140 2_B.L.accessrate_en___Ulm	2_B.L.	0.7340941470724449	0.6642670254248674	0.4756496151603113
141 2_B.L.accessrate_en___Umbria	2_B.L.	0.7827726246399623	0.7109011052696907	0.6245049597306941
142 2_B.L.accessrate_en___Virology	2_B.L.	0.7075035708500842	0.7240280340335208	0.5943983356697357
143 2_B.L.accessrate_en___Wehrmacht	2_B.L.	0.7573231178444587	0.781211330452298	0.7568993796420829
144 2_B.L.accessrate_en___Wiesbaden	2_B.L.	0.7996065321986856	1.0730003305164912	0.30613671895543004
145 2_B.L.accessrate_en___Wikisource	2_B.L.	0.6651860397071203	0.5920276072982107	0.46306423281784814
146 2_B.L.accessrate_en___Wolfsburg	2_B.L.	0.7251856396423652	0.6852210344396321	0.6300072668607096
147 2_B.L.accessrate_en___Wuppertal	2_B.L.	0.6926070417776018	0.52216647232269	0.37553071757567486
148 2_B.L.accessrate_en___Würzburg	2_B.L.	0.669082800779515	0.483113499674671	0.45244956792105906
149 2_B.L.accessrate_es___1925	2_B.L.	0.7525544429491882	0.4808013294364091	0.5798680257591134
150 2_B.L.accessrate_es___1946	2_B.L.	0.7861744004932243	0.5487828539767395	0.43258272734427466
151 2_B.L.accessrate_es___Baden-Wurtemberg	2_B.L.	0.7095383399147499	0.5653418327547597	0.5285904702307719
152 2_B.L.accessrate_es___Bohemia	2_B.L.	0.7785869079457809	0.4339338097495907	0.4334390833260374
153 2_B.L.accessrate_es___Calvinismo	2_B.L.	0.9319837903692197	0.7468894817931793	0.4652070111115323
154 2_B.L.accessrate_es___Celta	2_B.L.	0.8844448778418331	0.7657471281881016	0.8859075570872924
155 2_B.L.accessrate_es___Ciudad	2_B.L.	0.9221047694727794	0.6550097312714908	0.3515082363389943
156 2_B.L.accessrate_es___Contrarreforma	2_B.L.	0.9933223700906796	0.6960664682162592	0.47469606575200457
157 2_B.L.accessrate_es___Humanismo	2_B.L.	1.0091790395417737	0.7117360333716678	0.5215021326531608
158 2_B.L.accessrate_es___Luteranismo	2_B.L.	0.9066143245779743	0.6504093324976807	0.40203024492570577
159 2_B.L.accessrate_es___País	2_B.L.	0.7421445328148433	0.5345484022605045	0.5054750815596291
160 2_B.L.accessrate_es___Prusia	2_B.L.	0.8621559560691581	0.5110521552888551	0.4323382748676141
161 2_B.L.accessrate_es___SS	2_B.L.	0.7009225016250659	0.5401284350164012	0.6838074332604008
162 2_B.L.accessrate_es___Turismo	2_B.L.	0.9706847872307063	0.7140577024215394	0.40480336381165344
163 2_B.L.accessrate_et___Prantsusmaa	2_B.L.	0.7417230502511547	0.521257271949238	0.5657156203986686
164 2_B.L.accessrate_et___Saksamaa	2_B.L.	0.7508502390556998	0.5877847282051877	0.5701250059959063
165 2_B.L.accessrate_fi___Barokki	2_B.L.	0.7859783637553192	0.6739612106177961	0.5422314117111964
166 2_B.L.accessrate_fi___Berliini	2_B.L.	0.7863286374899252	0.487504776857388	0.44471528640873553
167 2_B.L.accessrate_fi___Helsinki	2_B.L.	0.8482933334756392	0.4283897321442287	0.5692527384148781
168 2_B.L.accessrate_fi___Kristinusko	2_B.L.	0.8334533883239486	0.5729814695212662	0.4661655333874631
169 2_B.L.accessrate_fi___Merkurius	2_B.L.	0.5704838418422633	0.6171627141684728	0.7744344831507136
170 2_B.L.accessrate_fi___Praha	2_B.L.	0.7271993442785786	0.4968353405604724	0.5868702237112229
171 2_B.L.accessrate_fi___Ranska	2_B.L.	0.884093235992482	0.5691083278859258	0.516830813875951
172 2_B.L.accessrate_fi___Romantiikka	2_B.L.	0.765607306937007	0.6923666594622578	0.6493994532664873
173 2_B.L.accessrate_fi___Ruotsi	2_B.L.	0.9043142607664052	0.5652679801693774	0.49421397898618746
174 2_B.L.accessrate_fi___Wien	2_B.L.	0.7394125999432488	0.5782009679416897	0.800737349902611
175 2_B.L.accessrate_fi___Yliopisto	2_B.L.	0.7817497530055881	0.425257034846769	0.505741440484776
176 2_B.L.accessrate_fr___1830	2_B.L.	0.6872706487360055	0.5195854838223324	0.6786392053683356
177 2_B.L.accessrate_fr___1871	2_B.L.	0.6876240118313853	0.5669831371789126	0.7449483476631928
178 2_B.L.accessrate_fr___1900	2_B.L.	0.746641375216507	0.481333067393259	0.6000665598575653
179 2_B.L.accessrate_fr___1907	2_B.L.	0.8349183544962172	0.4983447636201777	0.5263186815210463
180 2_B.L.accessrate_fr___1910	2_B.L.	0.6722498169652573	1.181067818072394	0.6447413682309916
181 2_B.L.accessrate_fr___1916	2_B.L.	0.6227584342136916	0.5785444890138766	0.7225902362707652
182 2_B.L.accessrate_fr___1917	2_B.L.	0.6779058513369667	0.4887330350179701	0.763138224467249
183 2_B.L.accessrate_fr___1919	2_B.L.	0.7128009894268658	0.5123953232461864	0.6759377521548431
184 2_B.L.accessrate_fr___1925	2_B.L.	0.6846510403692594	0.49606300964895306	0.6581369753429483
185 2_B.L.accessrate_fr___1933	2_B.L.	0.7003493411679769	0.4211584504409376	0.6671752018524207
186 2_B.L.accessrate_fr___1934	2_B.L.	0.7190115811970901	0.43613693713857676	0.8690453979175256
187 2_B.L.accessrate_fr___1939	2_B.L.	0.761561912366414	0.4661668059686105	0.613845976432822
188 2_B.L.accessrate_fr___1944	2_B.L.	0.7920680845577464	0.5214850245464793	0.8407512814940862
189 2_B.L.accessrate_fr___1945	2_B.L.	0.7803709089716153	0.4461805846256367	0.8578790548699841
190 2_B.L.accessrate_fr___1950	2_B.L.	0.7584885176492498	0.47981384836562446	0.913007335596225
191 2_B.L.accessrate_fr___1951	2_B.L.	0.7775246728466684	0.4723968025714506	1.1397856584204318
192 2_B.L.accessrate_fr___1956	2_B.L.	0.7760955356325661	0.4468576397685868	1.0155888203285366
193 2_B.L.accessrate_fr___1961	2_B.L.	0.7309086253612475	0.5297672057057341	0.8838794692440138
194 2_B.L.accessrate_fr___1965	2_B.L.	0.8067826414176476	0.4517092655673243	0.7622102814993477
195 2_B.L.accessrate_fr___1970	2_B.L.	0.8191946565945192	0.4434275356514295	0.7534510232083076
196 2_B.L.accessrate_fr___1975	2_B.L.	0.8651610832421575	0.5362311577990909	0.6145419819188419
197 2_B.L.accessrate_fr___1980	2_B.L.	0.8038150738705226	0.4347936804797319	0.7491756060063681
198 2_B.L.accessrate_fr___1983	2_B.L.	0.7792434710185137	0.42095812471251526	0.6628690440443183
199 2_B.L.accessrate_fr___1985	2_B.L.	0.9722920578813865	0.49991263055781787	0.6462323603992615
200 2_B.L.accessrate_fr___1987	2_B.L.	0.8217345152278144	0.4161229671486328	0.5673887518604682
201 2_B.L.accessrate_fr___1990	2_B.L.	0.7281117872283438	0.7314356867861654	1.4764434717617316
202 2_B.L.accessrate_fr___1991	2_B.L.	0.7185773316271514	0.7628219408070925	1.5496428077465116
203 2_B.L.accessrate_fr___1992	2_B.L.	0.7885864099453831	0.4602358969825964	0.6536274290981026
204 2_B.L.accessrate_fr___2006	2_B.L.	0.9106101113134292	0.34607575987771344	0.5338312839420478
205 2_B.L.accessrate_fr___Allemand	2_B.L.	0.9005081372688394	0.3858615859286619	0.6578089627758708
206 2_B.L.accessrate_fr___Autobus	2_B.L.	0.7947677176781692	0.5218755672770277	0.4546037340764042
207 2_B.L.accessrate_fr___Bade-Wurtemberg	2_B.L.	0.7960234214839031	0.4328585443413494	0.5277835524189868
208 2_B.L.accessrate_fr___Baden-Baden	2_B.L.	0.7831686841753479	0.41546089957062726	0.4875494011334675
209 2_B.L.accessrate_fr___Bosnie-Herzégovine	2_B.L.	0.8172702463829341	0.6102071216661689	1.0616635829692966
210 2_B.L.accessrate_fr___Ciment	2_B.L.	0.8816872155383487	0.44947750172918466	0.3682136972323464
211 2_B.L.accessrate_fr___Djembé	2_B.L.	0.8815193774676555	0.4377683039013135	0.6805808543461008
212 2_B.L.accessrate_fr___Droit	2_B.L.	0.9386547773830208	0.4517478153711966	0.6516470633684346
213 2_B.L.accessrate_fr___Emballage	2_B.L.	0.8167125001699294	0.6507917527241237	0.5075260225232745
214 2_B.L.accessrate_fr___Fribourg-en-Brisgau	2_B.L.	0.8168021965532138	0.40988720649264965	0.5249517037855497
215 2_B.L.accessrate_fr___Funiculaire	2_B.L.	0.8098971475079293	0.7184304487136995	0.6646845829280644
216 2_B.L.accessrate_fr___Israël	2_B.L.	0.8529088224362794	0.40676953518817877	1.0667271898457684
217 2_B.L.accessrate_fr___Japon	2_B.L.	0.970641325562161	0.474341753263559	0.8834691579757831
218 2_B.L.accessrate_fr___Karlsruhe	2_B.L.	0.7280487385013463	0.4273117120406508	0.4669302816745142
219 2_B.L.accessrate_fr___Mannheim	2_B.L.	0.7740920883343851	0.3998875507366514	0.49221865341860616
220 2_B.L.accessrate_fr___Montpellier	2_B.L.	0.9755794575594317	0.34064966348570364	0.3042585224006548
221 2_B.L.accessrate_fr___Mostar	2_B.L.	0.5806939397449549	0.543475265631273	0.48881598942249194
222 2_B.L.accessrate_fr___Musée	2_B.L.	0.8509124137182534	0.43387864498364637	0.5342885419566392
223 2_B.L.accessrate_fr___Myrtille	2_B.L.	0.811633382132788	0.38473735768361966	0.6195756390503817
224 2_B.L.accessrate_fr___Médecine	2_B.L.	0.8202974093932486	0.36980680243501796	0.5144127761941915
225 2_B.L.accessrate_fr___Pharmacie	2_B.L.	0.8930503679430992	0.32021820047081156	0.47926430837848705
226 2_B.L.accessrate_fr___Philippines	2_B.L.	0.9063759595967811	0.45855709739968603	0.49592388418399863
227 2_B.L.accessrate_fr___Philosophie	2_B.L.	0.9883189935061878	0.45300570754394215	0.7270799479187154
228 2_B.L.accessrate_fr___Physique	2_B.L.	0.9296889462174616	0.4242747049702791	0.7135649549854114
229 2_B.L.accessrate_fr___Portail:Géographie	2_B.L.	0.8440247986467571	0.42023556250644634	0.5255399778700826
230 2_B.L.accessrate_fr___Romantisme	2_B.L.	1.0336933287945511	0.4863620509895376	0.5554355967078027
231 2_B.L.accessrate_fr___Stuttgart	2_B.L.	0.8952119115087729	0.394521283872774	0.5374034450725276
232 2_B.L.accessrate_fr___Ukraine	2_B.L.	0.921937193254505	0.4758923427262853	0.49497476562675297
233 2_B.L.accessrate_he___אוסטריה	2_B.L.	0.7610340525177683	0.5043393711528089	0.5769397809436297
234 2_B.L.accessrate_he___אוקראינה	2_B.L.	0.8151691933593626	0.5277810822073006	0.6835789973136367
235 2_B.L.accessrate_he___אושוויץ	2_B.L.	0.7707540165811121	1.0972877197048305	0.9861302300513102
236 2_B.L.accessrate_he___ביולוגיה	2_B.L.	0.9593899765882526	0.48704291845692343	1.108296211499903
237 2_B.L.accessrate_he___בלגיה	2_B.L.	0.7964463441538188	0.6501708834716778	0.7141140214686117
238 2_B.L.accessrate_he___בריטניה	2_B.L.	0.8294883785929913	0.441993186278955	0.5998430092537568
239 2_B.L.accessrate_he___ברלין	2_B.L.	0.6973134837792194	0.4210371845063943	0.5639049244698225
240 2_B.L.accessrate_he___השואה	2_B.L.	0.9107623672443119	0.9626961798647009	0.9848489676736139
241 2_B.L.accessrate_he___יהדות	2_B.L.	0.8692470650624649	0.41268447224417804	0.7518671790055694
242 2_B.L.accessrate_he___יהודים	2_B.L.	0.764330008934795	0.3850903625982065	0.7980285445760115
243 2_B.L.accessrate_he___יין	2_B.L.	0.7753274275558639	0.5904204365155077	0.6600191493876504
244 2_B.L.accessrate_he___יפן	2_B.L.	0.8750298871732066	0.44890810753796023	0.6593710661834592
245 2_B.L.accessrate_he___ישראל	2_B.L.	0.9765443877200611	0.32315095969178964	0.8995600362198499
246 2_B.L.accessrate_he___כלכלה	2_B.L.	0.7875625326659869	0.4233624406916698	0.6505447444274024
247 2_B.L.accessrate_he___נצרות	2_B.L.	0.8694627587502903	0.42960928973398543	0.7103630713567695
248 2_B.L.accessrate_he___פולין	2_B.L.	0.8193616946887305	0.49074750313792803	0.8712576498817239
249 2_B.L.accessrate_he___רחובות	2_B.L.	0.8673063096458289	0.46324181306088674	0.673271054554688
250 2_B.L.accessrate_he___רנסאנס	2_B.L.	0.8316958750813439	0.4945224032566768	0.8269573533280544
251 2_B.L.accessrate_he___רפואה	2_B.L.	0.7070230018211091	0.45580176332979355	0.48105216250060223
252 2_B.L.accessrate_he___שבדיה	2_B.L.	0.7668239460848478	0.46780718685218353	0.6597135975006914
253 2_B.L.accessrate_hr___Austrija	2_B.L.	0.8048514833306696	0.5075181612300959	0.6989332070647053
254 2_B.L.accessrate_hr___Barok	2_B.L.	0.7507859616270559	0.6610688176018588	0.7333480600113514
255 2_B.L.accessrate_hr___Beč	2_B.L.	0.7069291866290092	0.5321817968575192	0.6851868424719819
256 2_B.L.accessrate_hr___Božić	2_B.L.	1.012020199107019	0.6002094682033274	0.3996545049942651
257 2_B.L.accessrate_hr___Europa	2_B.L.	0.7660414277745028	0.499429242827229	0.6405098246091958
258 2_B.L.accessrate_hr___Izrael	2_B.L.	0.6984014109293363	0.5185818508140969	0.4793452015997171
259 2_B.L.accessrate_hr___Japan	2_B.L.	0.8457065953869874	0.43383094593236504	0.6811367315143502
260 2_B.L.accessrate_hr___Rusija	2_B.L.	0.7876622984388475	0.4872510907653851	0.7651593048251395
261 2_B.L.accessrate_hu___Izrael	2_B.L.	0.6166674831085345	0.7222362634692694	0.5900327156861462
262 2_B.L.accessrate_hu___Japán	2_B.L.	0.5402944377819678	0.5515730523953306	0.5805669990998772
263 2_B.L.accessrate_hu___Reneszánsz	2_B.L.	0.9777471547543949	0.5050235265274212	0.6995927676773002
264 2_B.L.accessrate_hu___Ukrajna	2_B.L.	0.7731285026669454	0.42071322311954723	0.4980064701748574
265 2_B.L.accessrate_id___2008	2_B.L.	0.6067167043705086	0.5676096482623615	0.6221811113136582
266 2_B.L.accessrate_id___Israel	2_B.L.	0.7627493717048758	0.4328594001727478	0.5572360623926067
267 2_B.L.accessrate_id___Jepang	2_B.L.	0.9317739811733365	0.35154329527196354	0.9446382679647709
268 2_B.L.accessrate_id___Jerman	2_B.L.	0.8701989457028393	0.37583337373646103	1.0104975847892383
269 2_B.L.accessrate_id___Penduduk	2_B.L.	0.7517655959699859	0.5163562503418858	0.8425896694903607
270 2_B.L.accessrate_id___Perancis	2_B.L.	0.845551983449647	0.3964080850492926	0.6979655371153012
271 2_B.L.accessrate_it___Amburgo	2_B.L.	0.8590426784456441	0.4315289077706282	0.5568677871081978
272 2_B.L.accessrate_it___Auschwitz	2_B.L.	0.8784019016382638	0.7983046196426735	0.950958876356283
273 2_B.L.accessrate_it___Baden-Württemberg	2_B.L.	0.77816394976028	0.44088635628263867	0.42419919046473126
274 2_B.L.accessrate_it___Biochimica	2_B.L.	0.8668970552258963	0.45361177982236855	0.47763821086027913
275 2_B.L.accessrate_it___Boemia	2_B.L.	0.8022665974018016	0.45570930474111176	0.4580668396061675
276 2_B.L.accessrate_it___Buddismo	2_B.L.	0.8722827651256103	0.6620402683135423	0.8543224466103955
277 2_B.L.accessrate_it___Calvinismo	2_B.L.	0.9269049621975654	0.42119948953842545	0.5201924193540043
278 2_B.L.accessrate_it___Celti	2_B.L.	0.9329636899065635	0.43050502022900733	0.9464004968737814
279 2_B.L.accessrate_it___Controriforma	2_B.L.	0.8438995362125475	0.5148814861006269	0.6235560961162804
280 2_B.L.accessrate_it___Franchi	2_B.L.	0.8211838470672762	0.4191448924382883	0.4682889398646661
281 2_B.L.accessrate_it___Gesuiti	2_B.L.	0.839854953960546	0.5702625488297424	0.7302175231091266
282 2_B.L.accessrate_it___Goethe	2_B.L.	0.9213120264767193	0.6663902576141586	1.1732334667573125
283 2_B.L.accessrate_it___Islam	2_B.L.	1.0247302906760989	0.3723181909220012	0.521253010973012
284 2_B.L.accessrate_it___Luteranesimo	2_B.L.	0.7995203735414418	0.440185415199824	0.4254376134955083
285 2_B.L.accessrate_it___Merovingi	2_B.L.	0.5370518946272527	0.621515902134437	0.7301727480810395
286 2_B.L.accessrate_it___Mormoni	2_B.L.	0.8653522220240768	0.7300931982173726	0.7640809720352396
287 2_B.L.accessrate_it___NATO	2_B.L.	0.8978174592751611	0.5503246532953121	1.011765806245847
288 2_B.L.accessrate_it___NSDAP	2_B.L.	0.8585481773086406	0.37793882196383	0.6080220742595027
289 2_B.L.accessrate_it___Olocausto	2_B.L.	0.8775102488223667	0.7100961170954821	1.1647110234743179
290 2_B.L.accessrate_it___Prussia	2_B.L.	0.8772150433725436	0.3907199102017064	0.5300524441783553
291 2_B.L.accessrate_it___Salisburgo	2_B.L.	0.8995230211570808	0.6035825032963893	0.5076486218829002
292 2_B.L.accessrate_it___Sindaco	2_B.L.	0.8993941332606807	0.6000375379871289	0.48850083072297157
293 2_B.L.accessrate_it___Sinti	2_B.L.	0.7300278095902498	0.9551687615754898	0.8236508903565832
294 2_B.L.accessrate_it___Spettroscopia	2_B.L.	0.8582125747729369	0.444015608426672	0.5208482114905152
295 2_B.L.accessrate_it___Stoccarda	2_B.L.	0.8905910918710551	0.4524405983884674	0.5348743620875415
296 2_B.L.accessrate_it___Umanesimo	2_B.L.	1.0165266850803032	0.4587383469682812	0.7016573880254653
297 2_B.L.accessrate_it___Versailles	2_B.L.	0.8371741641757977	0.49428021388071325	0.5818041627065617
298 2_B.L.accessrate_it___Wehrmacht	2_B.L.	0.8198450729104572	0.45855039307847195	0.5336251358729567
299 2_B.L.accessrate_it___Zurigo	2_B.L.	0.9158347371410558	0.6729929305879384	0.6874414366504416
300 2_B.L.accessrate_ja___1901年	2_B.L.	0.6149008135161521	0.6272446378798896	0.7001846316663094
301 2_B.L.accessrate_ja___1933年	2_B.L.	0.7038445069508169	0.5808571792027898	0.5908154823153677
302 2_B.L.accessrate_ja___1938年	2_B.L.	0.6863311346823688	0.5031147169419794	0.6436209785084742
303 2_B.L.accessrate_ja___1940年	2_B.L.	0.6778298048202285	0.45399066691326057	0.6373347995345406
304 2_B.L.accessrate_ja___1972年	2_B.L.	0.7317505071576118	0.46472745269120125	0.5557797685627126
305 2_B.L.accessrate_ja___1981年	2_B.L.	0.7337052055619838	0.4021954106969488	0.6380737849806849
306 2_B.L.accessrate_ja___AFN	2_B.L.	0.7504879779584036	0.4751931812328176	0.5097552903214686
307 2_B.L.accessrate_ja___ICE	2_B.L.	0.7603967890260431	0.5548579923576498	0.5413758818044215
308 2_B.L.accessrate_ja___ISBN	2_B.L.	0.9020998140947808	0.6593572679685946	0.2802488125906464
309 2_B.L.accessrate_ja___SAP	2_B.L.	0.9354630340764293	0.82655438050069	0.3054811755402971
310 2_B.L.accessrate_ja___アウシュヴィッツ強制収容所	2_B.L.	0.6431302163051039	0.6163391501955752	0.6094957280709221
311 2_B.L.accessrate_ja___アウトバーン	2_B.L.	0.7646068986341243	0.5857561689309247	0.6781880305808224
312 2_B.L.accessrate_ja___アフリカ	2_B.L.	0.7809195483363922	0.5929233411511069	0.8847273944871383
313 2_B.L.accessrate_ja___アメリカ同時多発テロ事件	2_B.L.	0.5853349258311348	1.0144566481922428	0.6372446127711321
314 2_B.L.accessrate_ja___アメリカ陸軍	2_B.L.	0.7791921471590431	0.440941481485439	0.6004751129370139
315 2_B.L.accessrate_ja___アーモンド	2_B.L.	0.8086197351543798	0.46604696845603993	0.5288097232597668
316 2_B.L.accessrate_ja___アーリア人	2_B.L.	0.750769890452869	0.5595472027416123	0.6720729025136926
317 2_B.L.accessrate_ja___イエズス会	2_B.L.	0.6400022233947696	0.6792777802364833	0.723400272174048
318 2_B.L.accessrate_ja___イスラエル	2_B.L.	0.7477856257894576	0.5678338710564508	0.5578299546703569
319 2_B.L.accessrate_ja___イスラム教	2_B.L.	0.8402035779364182	0.5712161788614779	0.5991550975104761
320 2_B.L.accessrate_ja___イチジク	2_B.L.	0.7767993674537814	0.4145482628553672	0.8540710491797927
321 2_B.L.accessrate_ja___ウクライナ	2_B.L.	0.7504686925812792	0.5891103879912806	0.8094878903983086
322 2_B.L.accessrate_ja___エアバスA320	2_B.L.	0.8148998759973459	0.6649629833473996	0.6315608292137248
323 2_B.L.accessrate_ja___エルンスト・ユンガー	2_B.L.	0.694995818427306	0.44299409137041973	0.6139838516060236
324 2_B.L.accessrate_ja___オセアニア	2_B.L.	0.7411670483566832	0.5115957841472022	0.5004080559652156
325 2_B.L.accessrate_ja___オペレッタ	2_B.L.	0.6787359751786725	0.5704228186878814	0.45694032418642777
326 2_B.L.accessrate_ja___オリーブ	2_B.L.	0.8397833413612835	0.4191253562187914	0.41876201595165813
327 2_B.L.accessrate_ja___オルガン	2_B.L.	0.7526722134907455	0.4365036136828003	0.5953974321856766
328 2_B.L.accessrate_ja___オーク	2_B.L.	0.7745695142689073	0.4336627393063632	0.524531439371199
329 2_B.L.accessrate_ja___カーシェアリング	2_B.L.	0.7003102113646152	0.7776314543874011	0.549005583956028
330 2_B.L.accessrate_ja___キリスト教	2_B.L.	0.9063650753481873	0.8601328652943966	0.4886364939107585
331 2_B.L.accessrate_ja___ギムナジウム	2_B.L.	0.7037481233005031	0.5970183767386159	0.6664648451177299
332 2_B.L.accessrate_ja___クラシック音楽	2_B.L.	0.8063774247174693	0.41257544725619694	0.3942985087840455
333 2_B.L.accessrate_ja___ケルト人	2_B.L.	0.8406541804768024	0.8009515790811726	0.9363722337733512
334 2_B.L.accessrate_ja___ケルン	2_B.L.	0.686683834905671	0.49403868787868704	0.6196030105654907
335 2_B.L.accessrate_ja___ゲシュタルト心理学	2_B.L.	0.7679715800722386	0.6187710852818824	0.5691351990037349
336 2_B.L.accessrate_ja___ゲルマン人	2_B.L.	0.7876415177279993	0.6374818186683647	0.7520428294272604
337 2_B.L.accessrate_ja___ゴシック建築	2_B.L.	0.7213507241726668	0.7852233527229083	0.5994265901572288
338 2_B.L.accessrate_ja___サービス業	2_B.L.	0.7663269553876763	0.73127909241554	0.39623423980527184
339 2_B.L.accessrate_ja___シナゴーグ	2_B.L.	0.6882865678274835	0.5028672315165276	0.5886878560905865
340 2_B.L.accessrate_ja___シュタイナー教育	2_B.L.	0.6605740848384735	0.8234663152097819	0.7127819696026618
341 2_B.L.accessrate_ja___シュトゥットガルト	2_B.L.	0.7325169680556426	0.4589872985011791	0.4837986516653404
342 2_B.L.accessrate_ja___ジャクソン・ブラウン	2_B.L.	0.6846519810137829	0.5351433010439404	0.9375054696732302
343 2_B.L.accessrate_ja___ジャズ	2_B.L.	0.8225575387973638	0.415239896933298	0.5590373511841523
344 2_B.L.accessrate_ja___ジュネーヴ	2_B.L.	0.6448840293661775	0.5447041745320318	0.4707146509437847
345 2_B.L.accessrate_ja___ジョゼフ・マロード・ウィリアム・ターナー	2_B.L.	0.6941744674034088	0.5521388131577512	0.5027805508215601
346 2_B.L.accessrate_ja___スウェーデン	2_B.L.	0.8184807856210085	0.4913461122701394	0.5996856665384793
347 2_B.L.accessrate_ja___タイ王国	2_B.L.	0.8925784488276228	0.7003202928889066	0.9690998431756105
348 2_B.L.accessrate_ja___ダッハウ強制収容所	2_B.L.	0.6554631879290889	0.5762421565912256	0.6940837824291095
349 2_B.L.accessrate_ja___テロ	2_B.L.	0.7999533147116207	1.14892787751835	0.5927090501579387
350 2_B.L.accessrate_ja___トライアスロン	2_B.L.	0.6693819700673419	1.000947217766737	0.6419129209604755
351 2_B.L.accessrate_ja___ドイツ国防軍	2_B.L.	0.7744441098325071	0.5048883543767615	0.45000099493032186
352 2_B.L.accessrate_ja___ドイツ鉄道	2_B.L.	0.7367711938613777	0.5009989756640681	0.6302986386904448
353 2_B.L.accessrate_ja___ナチス	2_B.L.	0.8091720759527806	0.6821878732022731	0.7740025125947443
354 2_B.L.accessrate_ja___ネアンデルタール人	2_B.L.	0.7607786111385704	0.8046869131907141	0.6234493583844701
355 2_B.L.accessrate_ja___ノーベル化学賞	2_B.L.	0.5355934350734375	1.1894023863580936	0.7447505907410601
356 2_B.L.accessrate_ja___ノーベル物理学賞	2_B.L.	0.6978363786238944	1.0396116254037877	0.7445685492403634
357 2_B.L.accessrate_ja___ハンドボール	2_B.L.	0.8307884403746422	0.9699975729419227	0.8801017839986364
358 2_B.L.accessrate_ja___ハンナ・アーレント	2_B.L.	0.6731047757914879	0.6627517215740031	0.7737825082163421
359 2_B.L.accessrate_ja___ハンブルク	2_B.L.	0.7456135500074962	0.5854083134273171	0.6278569644854937
360 2_B.L.accessrate_ja___ハーフマラソン	2_B.L.	0.7435796145525289	0.8076526201062575	0.7392212493395119
361 2_B.L.accessrate_ja___バスケットボール	2_B.L.	0.8396490595202302	0.43066780184921166	0.5243796431077001
362 2_B.L.accessrate_ja___バプテスト教会	2_B.L.	0.6711389417104642	0.5979970695722835	0.5219399455193471
363 2_B.L.accessrate_ja___バロック	2_B.L.	0.7729714112954469	0.5480811497976091	0.5580634037786371
364 2_B.L.accessrate_ja___バーデン＝ヴュルテンベルク州	2_B.L.	0.6920853777596567	0.8349483804151276	0.6204979659089787
365 2_B.L.accessrate_ja___パリ	2_B.L.	0.8073442305380989	0.5436732402800175	0.436867833397204
366 2_B.L.accessrate_ja___ピアニスト	2_B.L.	0.7047036302674463	0.4540150405499083	0.5135865510176675
367 2_B.L.accessrate_ja___フランク王国	2_B.L.	0.7302490616085762	0.7012433273007105	0.6121503143463821
368 2_B.L.accessrate_ja___ブレーメン	2_B.L.	0.6694850198746107	0.49983575292845445	0.8171179957376419
369 2_B.L.accessrate_ja___プラハ	2_B.L.	0.7332672024060729	0.657951024498753	0.6919286006079545
370 2_B.L.accessrate_ja___プロイセン	2_B.L.	0.5771996157239664	1.5557800750078579	0.7590813976231076
371 2_B.L.accessrate_ja___プロテスタント	2_B.L.	0.6975216813465629	0.639432123363881	0.6048938802281589
372 2_B.L.accessrate_ja___ヘクタール	2_B.L.	0.9732118084293307	0.6732404766065145	0.36442530064859596
373 2_B.L.accessrate_ja___ホロコースト	2_B.L.	0.8075588497136684	0.6021986806458897	0.8965498400335918
374 2_B.L.accessrate_ja___ボヘミア	2_B.L.	0.7075291406613928	0.459060638011903	0.6093484340981923
375 2_B.L.accessrate_ja___マックス・ヴェーバー	2_B.L.	0.6941477803060467	0.6594352831954734	0.8237596321910248
376 2_B.L.accessrate_ja___マルティン・ルター	2_B.L.	0.7370376221974491	0.5552715445250809	0.8003882271860332
377 2_B.L.accessrate_ja___マーク・トウェイン	2_B.L.	0.6853195115935428	0.5634587070401811	0.5921387251166734
378 2_B.L.accessrate_ja___ミュンヘン	2_B.L.	0.8190761305926896	0.5381037436847264	0.48548520772215015
379 2_B.L.accessrate_ja___メルクリウス	2_B.L.	0.7556485774880155	0.3744643154351118	0.7135826291392801
380 2_B.L.accessrate_ja___メロヴィング朝	2_B.L.	0.6494804634145489	0.48662361600409404	0.4847852810315762
381 2_B.L.accessrate_ja___モルモン教	2_B.L.	0.47099371296993203	0.5052541303933994	0.5540449436953923
382 2_B.L.accessrate_ja___ユダヤ人	2_B.L.	0.7680656673655497	0.578430223117771	0.7359471760798173
383 2_B.L.accessrate_ja___ユダヤ教	2_B.L.	0.7877702673660992	0.6063317252989736	0.5620601163534931
384 2_B.L.accessrate_ja___ヨハン・ヴォルフガング・フォン・ゲーテ	2_B.L.	0.7862268218320835	0.4523259211775902	0.6920007646094924
385 2_B.L.accessrate_ja___ヨーゼフ・ゲッベルス	2_B.L.	0.8567697881718931	0.7503326413078546	0.5806144405611215
386 2_B.L.accessrate_ja___ライン川	2_B.L.	0.7214071482288232	0.4896859670209054	0.5223263793653157
387 2_B.L.accessrate_ja___ラビ	2_B.L.	0.8016919712358833	0.4266022472974648	0.6939427970462233
388 2_B.L.accessrate_ja___ルネサンス建築	2_B.L.	0.7006438156476202	0.8411584904462858	0.7006666954370796
389 2_B.L.accessrate_ja___ロマネスク建築	2_B.L.	0.7054213267110672	0.743740376914044	0.5788688125991067
390 2_B.L.accessrate_ja___ロマン主義	2_B.L.	0.7177350685066626	0.6081669328901259	0.7446006670685213
391 2_B.L.accessrate_ja___ヴァイマル共和政	2_B.L.	0.7450522758229434	0.8078767103399301	0.5668644858996497
392 2_B.L.accessrate_ja___ヴィクトル・ユーゴー	2_B.L.	0.6759058151628872	0.5709426944874009	0.641265608881394
393 2_B.L.accessrate_ja___ヴィブラフォン	2_B.L.	0.5761342288036642	0.45845300743089135	0.6596200734221133
394 2_B.L.accessrate_ja___ヴェストファーレン条約	2_B.L.	0.6951532980102024	0.7027354178405021	0.7907291508511765
395 2_B.L.accessrate_ja___ヴェルサイユ宮殿	2_B.L.	0.8450952642737706	0.5487449977622747	0.5032197428934432
396 2_B.L.accessrate_ja___三十年戦争	2_B.L.	0.822439181745809	0.8667378231900188	0.6299822128213817
397 2_B.L.accessrate_ja___世界遺産	2_B.L.	0.7942276556347702	0.6304766301773055	0.5670234016276259
398 2_B.L.accessrate_ja___仏教	2_B.L.	0.8472864270455299	1.2512854154563333	1.2629341329953396
399 2_B.L.accessrate_ja___作曲家	2_B.L.	0.8029898861723734	0.5108100633439978	0.6234587932440109
400 2_B.L.accessrate_ja___修士	2_B.L.	0.814830381908471	0.5379106533980526	0.5671022697078221
401 2_B.L.accessrate_ja___俳優	2_B.L.	0.8545485765164866	0.9096173313949129	0.5951996760600832
402 2_B.L.accessrate_ja___元帥	2_B.L.	0.7903017607990039	0.47278934691792707	0.6659141973814823
403 2_B.L.accessrate_ja___公証役場	2_B.L.	0.8667333770716346	0.7131267570949336	0.24452819403042536
404 2_B.L.accessrate_ja___北大西洋条約機構	2_B.L.	0.7216589844599235	0.7058938514320479	0.750172762472005
405 2_B.L.accessrate_ja___国際連合教育科学文化機関	2_B.L.	0.7905140797156543	0.7543640576277595	0.6283885896230083
406 2_B.L.accessrate_ja___外交官	2_B.L.	0.7438978511081094	0.4813365457039215	0.4497677522012745
407 2_B.L.accessrate_ja___天文学	2_B.L.	0.7935864241939734	0.4804978653326647	0.6958601347284028
408 2_B.L.accessrate_ja___学士	2_B.L.	0.8285867098270586	0.5239608273854314	0.40961788805199767
409 2_B.L.accessrate_ja___宗教改革	2_B.L.	0.7536300852424138	0.6447662172425733	1.0176400257932372
410 2_B.L.accessrate_ja___復活祭	2_B.L.	0.6857171672028983	0.7115855111634884	1.2997671675063145
411 2_B.L.accessrate_ja___心理学	2_B.L.	0.8547318658921573	0.47457998400427337	0.5493381012355538
412 2_B.L.accessrate_ja___摂氏	2_B.L.	0.7421454849220122	0.6167677063186516	0.6612441681049662
413 2_B.L.accessrate_ja___検察庁	2_B.L.	0.5696448630221274	0.6155511263154033	0.6047355473455197
414 2_B.L.accessrate_ja___民主主義	2_B.L.	0.749686510199954	0.6301120325916657	0.566055849706194
415 2_B.L.accessrate_ja___水晶の夜	2_B.L.	0.8784196779030105	0.8734360375060644	0.8554059308494675
416 2_B.L.accessrate_ja___無線LAN	2_B.L.	0.9229337417272404	0.40591882498023596	0.43596023832265957
417 2_B.L.accessrate_ja___熊本市	2_B.L.	0.8196037533588234	0.389992511344564	0.519631914176168
418 2_B.L.accessrate_ja___熊本県	2_B.L.	0.8466390432400877	0.479371664788955	0.4238880863753641
419 2_B.L.accessrate_ja___物理学	2_B.L.	0.8005378280478228	0.6507380266502758	0.7992888962983309
420 2_B.L.accessrate_ja___現代音楽	2_B.L.	0.7421237903391986	0.41102714166169746	0.5913026228575053
421 2_B.L.accessrate_ja___社会学	2_B.L.	0.7910821157256025	0.5861162541553692	0.9677037007065968
422 2_B.L.accessrate_ja___社会心理学	2_B.L.	0.7059972862101906	0.6255690565488855	0.6389178962863463
423 2_B.L.accessrate_ja___神聖ローマ帝国	2_B.L.	0.6932180614827037	1.0389196839848525	0.606638349832901
424 2_B.L.accessrate_ja___神聖ローマ皇帝	2_B.L.	0.6826987486796361	0.6652288124273276	0.39212954275572526
425 2_B.L.accessrate_ja___第三次産業	2_B.L.	0.8169031025151527	0.6685867619185081	0.37787124304526626
426 2_B.L.accessrate_ja___経度	2_B.L.	0.8518201126568933	0.6247085134793362	0.39711393696180625
427 2_B.L.accessrate_ja___経済学	2_B.L.	0.7911182113275061	0.5284557389764821	0.7691215350371412
428 2_B.L.accessrate_ja___緯度	2_B.L.	0.8766072244589417	0.6416423438674518	0.31058668871944356
429 2_B.L.accessrate_ja___聖母マリア	2_B.L.	0.785714141189353	0.5522009256030979	0.41361668496065807
430 2_B.L.accessrate_ja___自由主義	2_B.L.	0.7806374418745997	0.6494378276360414	0.5997995914017771
431 2_B.L.accessrate_ja___超短波	2_B.L.	0.7782128968818001	0.5408145151010609	0.5310577445700058
432 2_B.L.accessrate_ja___路面電車	2_B.L.	0.8566623414144521	0.8322951143251964	0.5879305626113052
433 2_B.L.accessrate_ja___電子顕微鏡	2_B.L.	0.8482313811851472	0.7884517373103014	0.3681194361405833
434 2_B.L.accessrate_ko___다음	2_B.L.	0.9038071908030405	0.3776049171860142	0.9568377832763466
435 2_B.L.accessrate_ko___서울특별시	2_B.L.	0.6443957300645217	0.5608247430220852	0.5756824945847581
436 2_B.L.accessrate_ko___일본	2_B.L.	0.5787748033795722	0.504300161718606	0.6046595660827692
437 2_B.L.accessrate_lv___Francija	2_B.L.	0.7455568696635955	0.5653565558457984	0.6949324428861946
438 2_B.L.accessrate_lv___Vācija	2_B.L.	0.7722643945813659	0.5630512449512759	0.6346142509186561
439 2_B.L.accessrate_nl___Israël	2_B.L.	0.807175578297368	0.4909087072048432	0.46491639929065837
440 2_B.L.accessrate_nl___Japan	2_B.L.	0.9293338818098191	0.500534527516113	0.6160323149253812
441 2_B.L.accessrate_nl___Middeleeuwen	2_B.L.	0.9805291303302569	0.5135417639949762	0.6717382863496929
442 2_B.L.accessrate_nl___Montpellier	2_B.L.	0.7531067859893724	0.5446816831742878	0.7119832175661142
443 2_B.L.accessrate_nl___Oekraïne	2_B.L.	0.8166449172648721	0.45244002128238847	0.6076044682179256
444 2_B.L.accessrate_nl___Thailand	2_B.L.	0.8883679691919111	0.6545696120433685	0.43935101312949826
445 2_B.L.accessrate_nl___Zweden	2_B.L.	0.9014532060169995	0.456879589696858	0.5680563050907619
446 2_B.L.accessrate_no___Amerika	2_B.L.	0.7338354150676142	0.8441660432563294	0.5099694710723959
447 2_B.L.accessrate_no___Barokken	2_B.L.	0.7893756940698681	0.8944655920749863	0.5602071645481624
448 2_B.L.accessrate_no___Europa	2_B.L.	0.9270634051312016	0.7253668374327069	0.588885512205388
449 2_B.L.accessrate_no___Filosofi	2_B.L.	0.7634369669331011	0.8585301647096977	0.45687648251610746
450 2_B.L.accessrate_no___Frankrike	2_B.L.	0.922509013240354	0.6648660367172964	0.419699538817969
451 2_B.L.accessrate_no___Holocaust	2_B.L.	0.7134413358913073	0.8467710477544427	0.6093133286382161
452 2_B.L.accessrate_no___Humanisme	2_B.L.	0.7085847955376523	0.911104109624737	0.6504291172539378
453 2_B.L.accessrate_no___Israel	2_B.L.	0.8153847941981565	0.6915828527443741	0.5976311249058605
454 2_B.L.accessrate_no___Japan	2_B.L.	0.850272652132881	0.7758844065814423	0.5169727726293076
455 2_B.L.accessrate_no___Jødedom	2_B.L.	0.8302179790454894	0.9105928314206067	0.6876102177834416
456 2_B.L.accessrate_no___Jøder	2_B.L.	0.8022602343190628	0.8687628556361878	0.6587507395235033
457 2_B.L.accessrate_no___Kreft	2_B.L.	0.6806999766412755	0.7439054292003704	0.47055832242075535
458 2_B.L.accessrate_no___Menneske	2_B.L.	0.7148149046501326	0.6876762870112483	0.4621258567216623
459 2_B.L.accessrate_no___Opplysningstiden	2_B.L.	0.74542269868822	0.7438858466868767	0.3614026960983657
460 2_B.L.accessrate_no___Reformasjonen	2_B.L.	0.7197209979312543	0.8815422292278218	0.5607078987840222
461 2_B.L.accessrate_no___Renessansen	2_B.L.	0.7597443986956353	0.8881167781238577	0.568743714522647
462 2_B.L.accessrate_no___Romantikken	2_B.L.	0.7553839082842064	1.0021885599922356	0.6291213107502213
463 2_B.L.accessrate_no___Romerriket	2_B.L.	0.7828316315973968	0.8511436764149436	0.4511282944049118
464 2_B.L.accessrate_no___Russland	2_B.L.	0.7978156912757272	0.7285069075622541	0.5006553503130492
465 2_B.L.accessrate_no___Tobakk	2_B.L.	0.7941609262513835	0.7989519423145562	0.47728275414884
466 2_B.L.accessrate_no___Tyskland	2_B.L.	0.7044174378686187	0.7491440646897007	0.4979991859133069
467 2_B.L.accessrate_no___USA	2_B.L.	0.8306985070459061	0.8682147126560539	0.5464677602053081
468 2_B.L.accessrate_no___Ukraina	2_B.L.	0.7294731954121209	0.6838054194457168	0.4225942610654592
469 2_B.L.accessrate_no___Østerrike	2_B.L.	0.7704416953188222	0.7882389780159492	0.5043678466729098
470 2_B.L.accessrate_pl___Badenia-Wirtembergia	2_B.L.	0.709273578653554	0.5761403210768964	0.5718670444573714
471 2_B.L.accessrate_pl___Celtowie	2_B.L.	0.8473218667405361	0.46848745648114853	0.6965532798250662
472 2_B.L.accessrate_pl___Europa	2_B.L.	1.0061883916088128	0.46697428293476034	0.6746997795417057
473 2_B.L.accessrate_pl___Izrael	2_B.L.	0.9605840952082645	0.39425638282765046	0.21358647799560113
474 2_B.L.accessrate_pl___Japonia	2_B.L.	0.851604384967453	0.5022377802694866	0.5930677858971789
475 2_B.L.accessrate_pl___Karlsruhe	2_B.L.	0.6542976145074809	0.6230281764658568	0.6111609768685616
476 2_B.L.accessrate_pl___Mannheim	2_B.L.	0.6776873450422451	0.5924603021044149	0.8202828045466157
477 2_B.L.accessrate_pl___Palatynat	2_B.L.	0.608336631949294	0.7603900418173677	0.6643894090334371
478 2_B.L.accessrate_pl___Powiat	2_B.L.	0.8449908639734975	0.6896502389395239	0.5206946982197415
479 2_B.L.accessrate_pl___Saksonia	2_B.L.	0.7788626296416437	0.5192061683046797	0.5658977075977651
480 2_B.L.accessrate_pl___Stuttgart	2_B.L.	0.7677309747915034	0.5825411528293275	0.5609177176954551
481 2_B.L.accessrate_pl___Ukraina	2_B.L.	0.937696691444089	0.5569750232475036	0.7329120744876009
482 2_B.L.accessrate_pl___Ulm	2_B.L.	0.7002933050103844	0.5494800567488174	0.8550108206998505
483 2_B.L.accessrate_pt___Ator	2_B.L.	0.8577190086424559	0.40816947333145	0.5249705426441055
484 2_B.L.accessrate_pt___Automobilismo	2_B.L.	0.7928086508197945	0.50997870123345	0.7681808349359657
485 2_B.L.accessrate_pt___Escritor	2_B.L.	0.8102267368368393	0.5894019137735925	0.3995259369238559
486 2_B.L.accessrate_pt___Extinção	2_B.L.	0.8479444773685281	0.616654923207247	0.4133122084329814
487 2_B.L.accessrate_pt___Fóssil	2_B.L.	0.854537768048449	0.680959384914918	0.4600428666843541
488 2_B.L.accessrate_pt___Medicina	2_B.L.	0.9836591326396203	0.4932815525112279	0.4392400442556452
489 2_B.L.accessrate_pt___Político	2_B.L.	0.7802797011286147	0.5934527651756011	0.6207833011478365
490 2_B.L.accessrate_pt___Rei	2_B.L.	0.7760922701245768	0.4793029085951369	0.5985809395735026
491 2_B.L.accessrate_pt___Suécia	2_B.L.	0.8785316701115489	0.4766615017837197	0.4524539064242914
492 2_B.L.accessrate_pt___Tailândia	2_B.L.	0.8739113418527354	0.5201131976451762	0.5081580016804366
493 2_B.L.accessrate_ro___Budism	2_B.L.	0.757633715247812	0.6147479262318879	0.7838616092898303
494 2_B.L.accessrate_ro___Europa	2_B.L.	0.8552766260595454	0.4760385843740255	1.0520706543278833
495 2_B.L.accessrate_ro___Islam	2_B.L.	0.7440018118734014	0.5217244326903839	0.7131769694861111
496 2_B.L.accessrate_ro___Suedia	2_B.L.	0.8824839584529274	0.504100291406769	0.6598641516425715
497 2_B.L.accessrate_ru___1991	2_B.L.	0.76459119479941	0.4466771228922981	0.4587585926101534
498 2_B.L.accessrate_ru___1995	2_B.L.	0.7060418685909865	0.4269000787377169	0.6495017971833729
499 2_B.L.accessrate_ru___Гамбург	2_B.L.	0.8467342642610473	0.49279993536608613	0.4836323724917419
500 2_B.L.accessrate_ru___Израиль	2_B.L.	0.43229664528267236	0.4233201390056369	1.0000074405489334
501 2_B.L.accessrate_ru___Кёльн	2_B.L.	0.7936123602355348	0.5059667224239879	0.6842310188099674
502 2_B.L.accessrate_ru___Реформация	2_B.L.	0.8755526937656872	0.6157272130330123	0.5477441666990354
503 2_B.L.accessrate_ru___Симферополь	2_B.L.	0.7741010669908168	0.4853039044670817	0.457166335921724
504 2_B.L.accessrate_ru___Университет	2_B.L.	0.7679914527423053	0.4669995277707388	0.6619660976690334
505 2_B.L.accessrate_ru___Цюрих	2_B.L.	0.7024092750246287	0.552081271461786	0.6291773973223652
506 2_B.L.accessrate_ru___Экономика	2_B.L.	0.8744801534432743	0.5317246353956169	0.7095850880252369
507 2_B.L.accessrate_ru___ЮНЕСКО	2_B.L.	0.851535464700527	0.5133234218332485	0.6273921192380814
508 2_B.L.accessrate_ru___Япония	2_B.L.	0.9997580331854491	0.3966127717736322	0.6417468412485127
509 2_B.L.accessrate_sk___Japonsko	2_B.L.	0.7728385784714897	0.5362723568409633	0.6595638767805021
510 2_B.L.accessrate_sl___Nemčija	2_B.L.	0.7116900272907232	0.603937572499811	0.5140775421736217
511 2_B.L.accessrate_sv___Berlin	2_B.L.	0.7872708679797117	0.6015276315271599	0.48738786615153157
512 2_B.L.accessrate_sv___Hamburg	2_B.L.	0.7071336318315526	0.5679693391315422	0.5283297803590957
513 2_B.L.accessrate_sv___München	2_B.L.	0.678077748466651	0.6103681487171726	0.5109271533686468
514 2_B.L.accessrate_tr___Almanca	2_B.L.	0.7964055909488273	0.3751156899039108	0.48279687154271866
515 2_B.L.accessrate_tr___Avrupa	2_B.L.	0.6237826227345029	0.5139452795881573	0.6439545210817587
516 2_B.L.accessrate_tr___Berlin	2_B.L.	0.7239359883390172	0.39718046218902553	0.5797171322310203
517 2_B.L.accessrate_tr___Biyoloji	2_B.L.	0.696507059747193	0.5987542687637812	0.7005103676343613
518 2_B.L.accessrate_tr___Hamburg	2_B.L.	0.7261925418441209	0.38906781530835716	0.5556183156776564
519 2_B.L.accessrate_tr___Kanser	2_B.L.	0.8192246058246873	0.4582574282502767	1.3620144056127552
520 2_B.L.accessrate_tr___Köln	2_B.L.	0.701273602113931	0.418911115587426	0.7544023451837962
521 2_B.L.accessrate_tr___Nüfus	2_B.L.	0.6613716066804519	0.5243151184015001	0.612784827472961
522 2_B.L.accessrate_tr___Tıp	2_B.L.	0.8292209290420139	0.362212131510232	1.1868515394046566
523 2_B.L.accessrate_zh___邮政编码	2_B.L.	0.7756230951608079	0.5748680675915256	0.8239534426613512
1 2_CN.accessrate_de___Heidelberg	2_CN.	0.9054908593370098	0.49048606220422813	0.5911331141393849
1 2_IWL.accessrate_en___Heidelberg	2_IWL.	0.5607545670871518	0.5558938949131966	0.4130774790022117
2 2_IWL.accessrate_es___Heidelberg	2_IWL.	0.7440803168789579	0.500129854490698	0.41165056362218755
3 2_IWL.accessrate_fr___Heidelberg	2_IWL.	0.8300412750162645	0.43431394489803066	0.6817276670179868
4 2_IWL.accessrate_it___Heidelberg	2_IWL.	0.7908466864444987	0.4641694561974133	0.5539565334980908
5 2_IWL.accessrate_ja___ハイデルベルク	2_IWL.	0.7485833137364669	0.7163255232103817	0.5745457258245148
6 2_IWL.accessrate_pl___Heidelberg	2_IWL.	0.663449430408886	0.6827759456069699	0.7404225071803751
