1 2_A.L.accessrate_de___Aachen	2_A.L.	0.9456920529052667	0.5533830968934182	0.7210652946045778
2 2_A.L.accessrate_de___Abgasnorm	2_A.L.	1.0021175521837413	0.4656062515618925	0.9772879328067887
3 2_A.L.accessrate_de___Afrika	2_A.L.	0.9863665463205207	0.49217310770549777	0.8537692062145033
4 2_A.L.accessrate_de___Airbus-A320-Familie	2_A.L.	0.29117609882464757	1.0916804233701238	0.522656147322632
5 2_A.L.accessrate_de___Alamannen	2_A.L.	0.8659678820450498	0.6104318268888613	0.9091021046317314
6 2_A.L.accessrate_de___Asien	2_A.L.	0.9387698703045965	0.4879906878257458	0.9295207700082173
7 2_A.L.accessrate_de___Augsburg	2_A.L.	0.9627898091252718	0.43685992299075965	0.8091176677890431
8 2_A.L.accessrate_de___Bachelor	2_A.L.	0.9900332490675854	0.6208992263942217	0.7384269439926864
9 2_A.L.accessrate_de___Baden-Baden	2_A.L.	0.7854014521604269	0.7918115050846455	0.8964440728233329
10 2_A.L.accessrate_de___Baden-Württemberg	2_A.L.	1.014255855816981	0.5084825787318764	0.7516565532953862
11 2_A.L.accessrate_de___Barock	2_A.L.	0.9841022425333393	0.55809027035757	0.8836952908681134
12 2_A.L.accessrate_de___Bautzen	2_A.L.	0.9943176822722576	0.856520957139848	0.5845685575934794
13 2_A.L.accessrate_de___Bayern	2_A.L.	0.9781761029857758	0.47279434843215223	0.9046113280770026
14 2_A.L.accessrate_de___Biowissenschaften	2_A.L.	0.8223268621187972	0.644257216458464	0.7659283940952346
15 2_A.L.accessrate_de___Bochum	2_A.L.	0.788003665476029	0.5643854882099619	0.6422548675783388
16 2_A.L.accessrate_de___Bodensee	2_A.L.	0.9947858268016303	0.3845013801362562	0.6951358723116756
17 2_A.L.accessrate_de___Bonn	2_A.L.	0.8807186499028552	0.8622417364910004	0.6311182279191672
18 2_A.L.accessrate_de___Botanik	2_A.L.	0.9284698129479512	0.4727683029214833	0.8677744350954788
19 2_A.L.accessrate_de___Bottrop	2_A.L.	0.8834194203586978	0.428516698495179	0.7972915416710226
20 2_A.L.accessrate_de___Buddhismus	2_A.L.	0.992800364463971	0.5504228138958984	0.7716795822456205
21 2_A.L.accessrate_de___Böhmen	2_A.L.	0.9346124127224645	0.3434253460030665	0.9538247824850382
22 2_A.L.accessrate_de___Calvinismus	2_A.L.	1.0378367643237445	0.7539243743985269	0.7318125817934855
23 2_A.L.accessrate_de___Campus	2_A.L.	0.8134847251461388	0.5662377886917158	0.9171089651922136
24 2_A.L.accessrate_de___Chemnitz	2_A.L.	0.9606216276015889	0.42490623957681617	0.9479273431084124
25 2_A.L.accessrate_de___Christianisierung	2_A.L.	0.7943461235188807	0.4928291138635241	0.8551376728568288
26 2_A.L.accessrate_de___Darmstadt	2_A.L.	0.933189087860371	0.4445040176747277	0.9067964243444923
27 2_A.L.accessrate_de___Dortmund	2_A.L.	0.9668337756890905	0.44549367252575567	0.8444447556658887
28 2_A.L.accessrate_de___Dresden	2_A.L.	0.9180807204232138	0.46849222146481867	0.905658993716159
29 2_A.L.accessrate_de___Duisburg	2_A.L.	0.8978961087034809	0.41671550866403234	0.8247650390084984
30 2_A.L.accessrate_de___Düsseldorf	2_A.L.	0.9071100561373155	0.4140649544567212	0.9241531448761994
31 2_A.L.accessrate_de___Eberbach	2_A.L.	0.722623154277436	0.5032307377777832	0.818881392904181
32 2_A.L.accessrate_de___Ehrenamt	2_A.L.	0.9042183384342886	0.6628301126156508	0.8461967113703606
33 2_A.L.accessrate_de___Erlangen	2_A.L.	0.9164872464108385	0.4831447265679035	0.76468903100583
34 2_A.L.accessrate_de___Essen	2_A.L.	0.9301207573359696	0.4767530070798932	0.8949301185443376
35 2_A.L.accessrate_de___Faksimile	2_A.L.	0.8639120132621159	0.7507251165181837	0.35556126213634687
36 2_A.L.accessrate_de___Feinstaub	2_A.L.	0.8583485290000681	0.6533528932105679	0.5728388646687321
37 2_A.L.accessrate_de___Flächennutzungsplan	2_A.L.	0.8611715600401646	0.726974277338637	0.5761835970223629
38 2_A.L.accessrate_de___Freikirche	2_A.L.	0.8616131191128735	0.49202195075504906	0.8275024735749149
39 2_A.L.accessrate_de___Freischärler	2_A.L.	0.8101188413647278	0.6037005958229598	0.7720191125473834
40 2_A.L.accessrate_de___Frühmittelalter	2_A.L.	0.8665409951351526	0.5087404991838538	0.7894838973839552
41 2_A.L.accessrate_de___Fußgängerzone	2_A.L.	0.7753908331058023	0.5516751830416133	0.8307153126467008
42 2_A.L.accessrate_de___Fürth	2_A.L.	0.8553785002220213	0.4812232840422049	0.8117306504647013
43 2_A.L.accessrate_de___Gegenreformation	2_A.L.	0.8420060463808484	0.5541359799330747	0.6924731434899779
44 2_A.L.accessrate_de___Gelsenkirchen	2_A.L.	0.931762460006251	0.36918432058791967	0.8693486720473721
45 2_A.L.accessrate_de___Germanen	2_A.L.	0.9620742961765858	0.4025733182689786	0.8850007046634126
46 2_A.L.accessrate_de___Gesamtschule	2_A.L.	0.8852229722708339	0.5257106367985155	0.8902179429380785
47 2_A.L.accessrate_de___Graf	2_A.L.	0.7367706951346812	0.5274940042666141	0.7256418798220123
48 2_A.L.accessrate_de___Grafikdesign	2_A.L.	0.9658616681305981	0.5137354043211045	0.7292027556376294
49 2_A.L.accessrate_de___Großstadt	2_A.L.	0.9140284242411554	0.4710262214678442	0.9077910766715979
50 2_A.L.accessrate_de___Gründerzeit	2_A.L.	0.8301957960218874	0.5258759446505265	0.8495582702003448
51 2_A.L.accessrate_de___Göttingen	2_A.L.	0.949984978298293	0.38385117765871224	0.9343709291783929
52 2_A.L.accessrate_de___Hagen	2_A.L.	0.8917898737825303	0.42287094008038956	0.8764604473913162
53 2_A.L.accessrate_de___Halsbandsittich	2_A.L.	0.7796272887454048	0.49083566395440853	0.8721171777072468
54 2_A.L.accessrate_de___Hamburg	2_A.L.	1.0094377986416636	0.42732070649535686	0.785989051135594
55 2_A.L.accessrate_de___Heilbronn	2_A.L.	0.8500570901985801	0.5245534494562526	0.8105832599350795
56 2_A.L.accessrate_de___Herne	2_A.L.	0.8839089082588143	0.4446887383274655	0.8228403011106354
57 2_A.L.accessrate_de___Hessen	2_A.L.	0.9566799959301807	0.5878198430566317	1.1448450118882478
58 2_A.L.accessrate_de___Historismus	2_A.L.	0.9127424885777149	0.5088571419418112	0.8544386500173354
59 2_A.L.accessrate_de___Holocaust	2_A.L.	1.0079722853628714	0.6724800622795191	0.9322589562800289
60 2_A.L.accessrate_de___Homo	2_A.L.	0.8645553120102915	0.5890330086790622	0.791199487191502
61 2_A.L.accessrate_de___Humanismus	2_A.L.	1.0199868909761463	0.5545184731816744	0.8175057442657615
62 2_A.L.accessrate_de___Industrialisierung	2_A.L.	1.0292483627629692	0.5500137036150303	0.8154555964521174
63 2_A.L.accessrate_de___Ingolstadt	2_A.L.	0.9408831714742868	0.4049434487453282	0.8921712052923353
64 2_A.L.accessrate_de___Intercity-Express	2_A.L.	0.9161400988708778	0.4242935225600778	0.9386175062768026
65 2_A.L.accessrate_de___Iran	2_A.L.	0.9043668287023178	0.6187192186711551	1.2447607108520442
66 2_A.L.accessrate_de___Islam	2_A.L.	0.9370865878933099	0.5716554997111696	0.7956967003272564
67 2_A.L.accessrate_de___Japan	2_A.L.	0.9959574339375791	0.43005524021455016	0.9005951685879441
68 2_A.L.accessrate_de___Jena	2_A.L.	0.9414710400769655	0.6239761775235577	0.9583540630838265
69 2_A.L.accessrate_de___Jesuiten	2_A.L.	0.8964201704459739	0.4542904369582434	0.8950977732931897
70 2_A.L.accessrate_de___Judentum	2_A.L.	0.9763571202105097	0.5763076135101945	0.7519120813159091
71 2_A.L.accessrate_de___Jugendstil	2_A.L.	0.9922441947105707	0.4622193231577523	0.8865978094171368
72 2_A.L.accessrate_de___Kaiserslautern	2_A.L.	0.889366096257787	0.509730243147532	0.7877172927813018
73 2_A.L.accessrate_de___Karlsruhe	2_A.L.	0.9109458657216581	0.4376066315385656	0.8552336160802257
74 2_A.L.accessrate_de___Karzer	2_A.L.	0.7564885006968072	0.5930883233380095	0.7150229560805353
75 2_A.L.accessrate_de___Kassel	2_A.L.	0.758652448139652	0.4543722461853718	0.7501036382006224
76 2_A.L.accessrate_de___Kelten	2_A.L.	0.8975435281688381	0.43466753080514425	0.8728213794193653
77 2_A.L.accessrate_de___Kiel	2_A.L.	0.9365730508817305	0.41304937286253235	0.8316021071669943
78 2_A.L.accessrate_de___Klassizismus	2_A.L.	0.9822462582615806	0.5213073350662074	0.793708371772385
79 2_A.L.accessrate_de___Koblenz	2_A.L.	0.9289219849379788	0.4237491745034349	0.8410739876173571
80 2_A.L.accessrate_de___Konstanz	2_A.L.	0.8522008148368296	0.4761932855511662	0.8914500407805537
81 2_A.L.accessrate_de___Kraftfahrzeug	2_A.L.	0.9425650258722014	0.5292641920137245	0.7287333174135381
82 2_A.L.accessrate_de___Krefeld	2_A.L.	0.9342650898313325	0.40748640314311996	0.903804053334962
83 2_A.L.accessrate_de___Kurfürst	2_A.L.	0.8724336855308747	0.5843993264572704	0.7394419198606144
84 2_A.L.accessrate_de___Kurpfalz	2_A.L.	0.8790892199831288	0.7587368256566582	0.7024287548205145
85 2_A.L.accessrate_de___Köln	2_A.L.	0.53676833304011	0.447262209927947	0.69253568069901
86 2_A.L.accessrate_de___Ladenburg	2_A.L.	0.7520394095053741	0.6145665872026851	0.8890066479838428
87 2_A.L.accessrate_de___Lehnswesen	2_A.L.	0.9632746744256704	0.5600632357647981	0.9335206835999909
88 2_A.L.accessrate_de___Leverkusen	2_A.L.	0.9383857552809812	0.8510087992714163	0.5840712359813762
89 2_A.L.accessrate_de___Lithografie	2_A.L.	0.9384685100977314	0.5876970272095394	0.7189379618895756
90 2_A.L.accessrate_de___Lufthansa	2_A.L.	0.9329200373750114	0.4751779096005716	0.7610448685092173
91 2_A.L.accessrate_de___Lübeck	2_A.L.	0.8728286795742506	0.4328433896344929	0.8381907965562638
92 2_A.L.accessrate_de___Magdeburg	2_A.L.	0.9198356390200886	0.4913563251812483	0.7682852372222071
93 2_A.L.accessrate_de___Mainz	2_A.L.	0.9735616116682777	0.4275762693929613	0.7996507833494426
94 2_A.L.accessrate_de___Mandel	2_A.L.	0.5514327956096847	0.4629542703366946	0.5635175802746375
95 2_A.L.accessrate_de___Mannheim	2_A.L.	0.9557369357125697	0.4197062141816597	0.8300551415296238
96 2_A.L.accessrate_de___Master	2_A.L.	0.9752987260269267	0.5737923055849226	0.6867982136221923
97 2_A.L.accessrate_de___Max-Planck-Gesellschaft	2_A.L.	0.7657389716302104	0.6992542785372995	0.7936471922806154
98 2_A.L.accessrate_de___Merowinger	2_A.L.	0.6723938250396625	0.7679240125292532	0.7901451116504152
99 2_A.L.accessrate_de___Migrationshintergrund	2_A.L.	0.8961379844273338	0.6113638504305555	0.7793831553603617
100 2_A.L.accessrate_de___Mittelalter	2_A.L.	1.0320693475963134	0.5053453369835144	0.8212145701989119
101 2_A.L.accessrate_de___Mittelrhein	2_A.L.	0.7268498487003341	0.44931033723708813	0.8103868736926589
102 2_A.L.accessrate_de___Moers	2_A.L.	0.8807554822373379	0.46633820013221144	0.7509773176745157
103 2_A.L.accessrate_de___Montpellier	2_A.L.	0.8870925207820545	0.4861474027835635	0.7642803601504479
104 2_A.L.accessrate_de___Mormonen	2_A.L.	0.7673987745549143	0.6447480103848263	1.00051348797047
105 2_A.L.accessrate_de___Mosbach	2_A.L.	0.8339374859111058	0.5731951268915002	0.8857646064873167
106 2_A.L.accessrate_de___Mönchengladbach	2_A.L.	0.8636284827889978	0.3915068032131574	0.8229527262033403
107 2_A.L.accessrate_de___München	2_A.L.	0.9560415905071923	0.39071765929145313	0.9392693667206716
108 2_A.L.accessrate_de___NATO	2_A.L.	0.8004784631291558	0.5213843484202131	1.0852342800563892
109 2_A.L.accessrate_de___Nationalsozialismus	2_A.L.	0.9874059255348525	0.5087416155906234	0.8659234018247389
110 2_A.L.accessrate_de___Neandertaler	2_A.L.	0.9519854400256516	0.5946700458888908	0.8937315769927808
111 2_A.L.accessrate_de___Neckar	2_A.L.	0.8431557181245826	0.423664730317086	0.723462717170959
112 2_A.L.accessrate_de___Neckar-Odenwald-Kreis	2_A.L.	0.7165167648478195	0.5460016167863697	0.8758102249757771
113 2_A.L.accessrate_de___Neuss	2_A.L.	0.9229075413506567	0.47715758490793153	0.8673434345746852
114 2_A.L.accessrate_de___Nobelpreis	2_A.L.	0.7573817209429811	0.8435507876384588	1.14094353236398
115 2_A.L.accessrate_de___Nußloch	2_A.L.	0.6900884836872345	0.4468442598786519	0.5843861213145921
116 2_A.L.accessrate_de___Nürnberg	2_A.L.	0.9057710925218023	0.45336036663315316	0.8678516359668593
117 2_A.L.accessrate_de___Oberhausen	2_A.L.	0.6655494883070905	0.5249501434055794	0.6335058326271338
118 2_A.L.accessrate_de___Oberzentrum	2_A.L.	0.724834430617454	0.5040628909995939	0.8538329617262749
119 2_A.L.accessrate_de___Odenwald	2_A.L.	0.8413931674177064	0.48888578945778055	0.8621730146350844
120 2_A.L.accessrate_de___Olivenbaum	2_A.L.	0.9470747444750726	0.3592042441643167	0.9491053226496188
121 2_A.L.accessrate_de___Ombudsmann	2_A.L.	0.8394220818075372	0.7818791837278133	0.5841250727806799
122 2_A.L.accessrate_de___Ortenaukreis	2_A.L.	0.7295142669274818	0.5154882027023577	0.7615595413966313
123 2_A.L.accessrate_de___Osnabrück	2_A.L.	0.888401265089481	0.4800213047162397	0.7678314012286835
124 2_A.L.accessrate_de___Ostasien	2_A.L.	0.831526945835684	0.5413379854377821	0.717167873643128
125 2_A.L.accessrate_de___Ostern	2_A.L.	0.8978832203090193	0.5922471061777541	1.1503795735594065
126 2_A.L.accessrate_de___Ozeanien	2_A.L.	0.9161058065913941	0.4714150847546406	0.8920192900987904
127 2_A.L.accessrate_de___Paläontologie	2_A.L.	0.9332060112070136	0.5371872280910414	0.6869273985731499
128 2_A.L.accessrate_de___Passivhaus	2_A.L.	0.9381166415575274	0.5348277997979205	0.6742713475289671
129 2_A.L.accessrate_de___Pforzheim	2_A.L.	0.8584903695796381	0.47466660896564805	0.8311646289016122
130 2_A.L.accessrate_de___Potsdam	2_A.L.	0.9456162343772118	0.41449801745644044	0.8380236926072961
131 2_A.L.accessrate_de___Prag	2_A.L.	0.9759306713741053	0.46723364200757067	0.8158411947353319
132 2_A.L.accessrate_de___Quadratestadt	2_A.L.	0.8803891538193225	0.8316819100948182	0.6711425849306635
133 2_A.L.accessrate_de___Rabbiner	2_A.L.	0.8521718954210405	0.5082292238038341	0.8368337824840083
134 2_A.L.accessrate_de___Recklinghausen	2_A.L.	0.9288166799966068	0.43554564929348244	0.8455025351171763
135 2_A.L.accessrate_de___Regensburg	2_A.L.	0.9531288775143193	0.3863838317420566	0.9522552426575123
136 2_A.L.accessrate_de___Reichsarbeitsdienst	2_A.L.	1.4630264155900206	0.7760949757307225	0.6484999423877706
137 2_A.L.accessrate_de___Reichsdeputationshauptschluss	2_A.L.	0.9196362806229076	0.5572282547211523	0.8361703979215869
138 2_A.L.accessrate_de___Rems-Murr-Kreis	2_A.L.	1.4825778010579453	0.8258473685850248	0.7265664521276993
139 2_A.L.accessrate_de___Remscheid	2_A.L.	0.8648466952091846	0.4823213155795538	0.86392487367241
140 2_A.L.accessrate_de___Renaissance	2_A.L.	1.0352109690684792	0.5399990202573217	0.8515998623903663
141 2_A.L.accessrate_de___Reutlingen	2_A.L.	0.6198948254092483	0.5257330636878196	0.6361320849772486
142 2_A.L.accessrate_de___Rhein	2_A.L.	0.8793513424327332	0.413762219689504	0.7948913693434322
143 2_A.L.accessrate_de___Rhein-Neckar-Kreis	2_A.L.	0.7844422122236341	0.48582270823301893	0.6973240645833544
144 2_A.L.accessrate_de___Rheinland-Pfalz	2_A.L.	1.0112681990582226	0.5287659497021268	0.7896935965576501
145 2_A.L.accessrate_de___Romantik	2_A.L.	1.0374769363395062	0.5805698701528192	0.7534740229234753
146 2_A.L.accessrate_de___Rostock	2_A.L.	0.9420770011120309	0.44961136275554653	0.9109786434627882
147 2_A.L.accessrate_de___SAP	2_A.L.	0.9856252271953088	0.7206304880122895	0.5280096042651092
148 2_A.L.accessrate_de___Saarbrücken	2_A.L.	0.939781368318275	0.43916345115554184	0.8655266209761122
149 2_A.L.accessrate_de___Saarland	2_A.L.	0.9951130030128474	0.7339451706133743	0.787762303822065
150 2_A.L.accessrate_de___Salzburg	2_A.L.	0.9557408558912225	0.46501888394016666	0.7862657591573533
151 2_A.L.accessrate_de___Sandhausen	2_A.L.	0.7578025429978463	0.6275577808642276	0.7254299184437946
152 2_A.L.accessrate_de___Schwetzingen	2_A.L.	0.8046152361551993	0.47544400031046985	0.741904282848257
153 2_A.L.accessrate_de___Solingen	2_A.L.	0.884587574037958	0.4342023337548202	0.8396282719989336
154 2_A.L.accessrate_de___Spektroskopie	2_A.L.	0.9038830133069683	0.6460906967958923	0.5886188322053522
155 2_A.L.accessrate_de___Speyer	2_A.L.	0.8975264613131292	0.4504452779570455	0.8585596202581607
156 2_A.L.accessrate_de___Sportverein	2_A.L.	0.8100051253275036	0.46281072631978715	0.8147546673320473
157 2_A.L.accessrate_de___Staatsanwaltschaft	2_A.L.	0.8427993167314265	0.6358114874996916	0.6777688411328567
158 2_A.L.accessrate_de___Stadt	2_A.L.	1.0603973329951433	0.40394198159139993	0.8953583781801904
159 2_A.L.accessrate_de___Stadtverwaltung	2_A.L.	0.8712235927844696	0.7441483404128562	0.5012509750355494
160 2_A.L.accessrate_de___Steinzeit	2_A.L.	1.0271077966525235	0.5032102243277391	0.9866125766493724
161 2_A.L.accessrate_de___Stolpersteine	2_A.L.	0.908298389476981	0.8106975570052087	0.7360853246629057
162 2_A.L.accessrate_de___Stralsund	2_A.L.	0.9293447887300856	0.45418279593342764	0.8120290045536195
163 2_A.L.accessrate_de___Stuttgart	2_A.L.	0.987493494922819	0.450215477667851	0.8321055743487131
164 2_A.L.accessrate_de___Symbol	2_A.L.	1.017265500256931	0.49960300097893523	0.8113047923235589
165 2_A.L.accessrate_de___Synagoge	2_A.L.	0.8812409903609472	0.5993077954199606	0.77940324388269
166 2_A.L.accessrate_de___Säkularisation	2_A.L.	0.8974210660161771	0.5430994852435351	0.868952995605744
167 2_A.L.accessrate_de___Südafrika	2_A.L.	0.9507000394500034	0.4831337522137664	0.9268444861858536
168 2_A.L.accessrate_de___Südwestrundfunk	2_A.L.	0.6119303106331738	0.47323369701858226	0.9021539211303129
169 2_A.L.accessrate_de___Tageszeitung	2_A.L.	0.9136814003957558	0.5693001045400928	0.7755810494001049
170 2_A.L.accessrate_de___Tal	2_A.L.	0.8527911247066146	0.5302678435720938	0.8014487465882809
171 2_A.L.accessrate_de___Tauberbischofsheim	2_A.L.	0.8933086375134403	0.6698436891933379	0.6287617501032722
172 2_A.L.accessrate_de___Triathlon	2_A.L.	0.7483125701461586	0.558795521563724	0.7985048432334642
173 2_A.L.accessrate_de___Trier	2_A.L.	0.9099327725375211	0.49406172862192804	0.8596607094086643
174 2_A.L.accessrate_de___UNESCO	2_A.L.	0.8269244451692805	0.6393153574440193	0.919464823110572
175 2_A.L.accessrate_de___UNESCO-Welterbe	2_A.L.	0.6833448333934076	0.851769220766258	0.9882397186875418
176 2_A.L.accessrate_de___Ukraine	2_A.L.	0.9670233353578451	0.4667306744797175	0.973493657371472
177 2_A.L.accessrate_de___Ulm	2_A.L.	0.9843986063166783	0.38972608333337727	0.8760679175970923
178 2_A.L.accessrate_de___Umbrien	2_A.L.	0.8216305465741706	0.6346160880013079	0.8214211434852624
179 2_A.L.accessrate_de___Umweltzone	2_A.L.	0.8353486666087087	0.5028924496838331	0.7293181839241197
180 2_A.L.accessrate_de___Volkshochschule	2_A.L.	0.7782590860124307	0.5676084542980034	0.8232439015445058
181 2_A.L.accessrate_de___Vormärz	2_A.L.	0.999897191055351	0.6226349794509268	0.7519110587804798
182 2_A.L.accessrate_de___Waldorfschule	2_A.L.	0.7990604639749569	0.9039476271955985	0.6629865467756332
183 2_A.L.accessrate_de___Wappen	2_A.L.	1.011887529654631	0.4167077801514199	0.9135674782638653
184 2_A.L.accessrate_de___Wehrmacht	2_A.L.	0.924242392905238	0.3845532659295739	1.0438253011186003
185 2_A.L.accessrate_de___Wien	2_A.L.	0.9775115051127172	0.43782579003327476	0.8715058958113884
186 2_A.L.accessrate_de___Wiesbaden	2_A.L.	0.9638130521840521	0.4397418316275824	0.869478690386207
187 2_A.L.accessrate_de___Wiesloch	2_A.L.	0.7858886098204252	0.5281751014132912	0.7431627519576021
188 2_A.L.accessrate_de___Wittelsbach	2_A.L.	0.8273914621356342	0.6070785624884588	0.732340663078877
189 2_A.L.accessrate_de___Wolfsburg	2_A.L.	0.8180507555967708	0.9254391897534169	0.8651026971807608
190 2_A.L.accessrate_de___Worms	2_A.L.	0.9201102526811349	0.3552588431642191	0.9419008405306294
191 2_A.L.accessrate_de___Wuppertal	2_A.L.	0.9135835806609235	0.44498353829136433	0.8587326782665553
192 2_A.L.accessrate_de___Wählergruppe	2_A.L.	0.8227091086203999	0.5373231104412576	0.9240440323577164
193 2_A.L.accessrate_de___Würzburg	2_A.L.	0.9264370009151591	0.3859692026213096	0.9125357980873015
194 2_A.L.accessrate_de___Zoologie	2_A.L.	0.8952069923542508	0.482991986245624	0.8735888906005871
195 2_A.L.accessrate_de___Zwangsarbeit	2_A.L.	0.7966514104415916	0.6119294040600637	0.7417256053037204
196 2_A.L.accessrate_de___Zürich	2_A.L.	0.9241446917228379	0.4273151878618746	0.838755640069945
197 2_A.L.accessrate_de___Österreich	2_A.L.	0.8447659906110323	0.4675972146928085	0.7981655460659248
1 2_B.L.accessrate_ar___ألمانيا	2_B.L.	0.655531148909347	0.4677162819092754	0.7214807410711236
2 2_B.L.accessrate_ar___فرنسا	2_B.L.	0.8767586740908971	0.32255978847446376	0.9833573987255729
3 2_B.L.accessrate_ar___فيزياء	2_B.L.	0.8824214293044652	0.3731590147583429	0.9980204063991435
4 2_B.L.accessrate_bar___Minga	2_B.L.	0.7518068134150714	0.5361130253091553	0.8301702880601318
5 2_B.L.accessrate_bg___Евреи	2_B.L.	0.7328024118226283	0.4866372348033483	0.803821991977804
6 2_B.L.accessrate_bg___Израел	2_B.L.	0.7773018429751625	0.46789864632451966	0.9634130615856427
7 2_B.L.accessrate_bg___Общомедия	2_B.L.	0.8036435973454071	0.3910876463320109	0.8706624270667648
8 2_B.L.accessrate_bg___Романтизъм	2_B.L.	0.7999657625313886	0.6724028477799149	0.8584834726313912
9 2_B.L.accessrate_bg___Украйна	2_B.L.	0.7410744056635029	0.471452496600937	0.61285264863089
10 2_B.L.accessrate_bg___Япония	2_B.L.	0.851486891335431	0.4743368678632008	0.7810686124489604
11 2_B.L.accessrate_bs___Evropa	2_B.L.	0.691317124551922	0.5036249634988366	0.7806227692320662
12 2_B.L.accessrate_ca___Alemanya	2_B.L.	0.7372876580367581	0.5510255647212053	0.7997397241182529
13 2_B.L.accessrate_cs___Berlín	2_B.L.	0.8201283901584434	0.5123610048173107	0.9775959712549196
14 2_B.L.accessrate_cs___Drážďany	2_B.L.	0.6687401226590065	0.4101521437335359	1.0103410612933135
15 2_B.L.accessrate_cs___Izrael	2_B.L.	0.9472612161671806	0.7532147938132949	0.8561151385398251
16 2_B.L.accessrate_cs___Japonsko	2_B.L.	0.9211444155059768	0.5650696349222197	0.8824111393106119
17 2_B.L.accessrate_cs___Keltové	2_B.L.	0.7733261628149036	0.4498768377131497	0.9223124159462823
18 2_B.L.accessrate_cs___Mnichov	2_B.L.	0.721416672740303	0.413088939713573	0.9033799107973421
19 2_B.L.accessrate_cs___Město	2_B.L.	0.7481508839521553	0.5228551297227313	0.8701671671529554
20 2_B.L.accessrate_cs___Prusko	2_B.L.	0.7289787208517107	0.4774901788541034	0.8914413588240825
21 2_B.L.accessrate_cs___Rakousko	2_B.L.	0.9033592801660825	0.5578765569438935	0.6849766492102802
22 2_B.L.accessrate_cs___Ukrajina	2_B.L.	0.8485764448061135	0.5197669922532396	1.0862759433631506
23 2_B.L.accessrate_en___Aachen	2_B.L.	0.7353172176780617	0.6937725468542976	0.9296210893955342
24 2_B.L.accessrate_en___Almond	2_B.L.	0.767938971565144	0.553343715864802	0.8619314490955776
25 2_B.L.accessrate_en___Alsace	2_B.L.	0.7450553405958072	0.5696096946994855	1.0563889163356481
26 2_B.L.accessrate_en___Anime	2_B.L.	0.6942505969808115	0.4138716821847023	1.2154157551882736
27 2_B.L.accessrate_en___Arnhem	2_B.L.	0.7150780594020453	0.5222228007944041	0.9212494059253529
28 2_B.L.accessrate_en___Aschaffenburg	2_B.L.	0.6411725796753079	0.48268911131635783	0.9266093033501797
29 2_B.L.accessrate_en___Atlanta	2_B.L.	0.8104869397058815	0.48122617122374634	1.0290727223840237
30 2_B.L.accessrate_en___Augsburg	2_B.L.	0.7901054935384717	0.9087631123215412	0.6878357337629845
31 2_B.L.accessrate_en___Australia	2_B.L.	0.6585672024427409	0.8214059612142334	0.9369622937257316
32 2_B.L.accessrate_en___Austria	2_B.L.	0.7317533482248553	0.6132222318652016	1.0225082960400156
33 2_B.L.accessrate_en___Baden-Baden	2_B.L.	0.6748233923634721	0.7987978307211844	0.9281988839858625
34 2_B.L.accessrate_en___Baden-Württemberg	2_B.L.	0.7699374045964286	0.6576441634383046	0.9502823488053624
35 2_B.L.accessrate_en___Baroque	2_B.L.	0.7090401533428786	0.8700174470791078	0.9095194556667199
36 2_B.L.accessrate_en___Beijing	2_B.L.	0.5120072174700752	0.6969708995461257	0.7308343974013896
37 2_B.L.accessrate_en___Bielefeld	2_B.L.	0.692339048571107	0.770226178849977	0.7633923441864032
38 2_B.L.accessrate_en___Bochum	2_B.L.	0.6874367499303897	0.5122461875986041	1.0526115119608148
39 2_B.L.accessrate_en___Brazil	2_B.L.	0.7477810914870827	0.6852159723519929	0.8586647954938644
40 2_B.L.accessrate_en___Bremerhaven	2_B.L.	0.7011696085612102	0.6107820091325504	0.7758413927818419
41 2_B.L.accessrate_en___Canada	2_B.L.	0.7398862222005667	0.6927568742741591	0.9319916007336262
42 2_B.L.accessrate_en___Carsharing	2_B.L.	0.6095805673208573	0.6600095435481753	0.8603986196148611
43 2_B.L.accessrate_en___Castra	2_B.L.	0.6854841069117923	0.7307760492610252	0.8266445640769537
44 2_B.L.accessrate_en___Celts	2_B.L.	0.7078531047227883	0.648185136371028	1.1483339037897895
45 2_B.L.accessrate_en___Chemist	2_B.L.	0.7910605243612701	0.767297862379948	0.9249759701779823
46 2_B.L.accessrate_en___Chemnitz	2_B.L.	0.7121117676920918	0.5407947824299494	1.1656924481675301
47 2_B.L.accessrate_en___Cologne	2_B.L.	0.7375167123925832	0.5855420645651799	1.0884869391400933
48 2_B.L.accessrate_en___Commune	2_B.L.	0.7269899002862804	0.6780993162294615	0.8690603107140638
49 2_B.L.accessrate_en___Cottbus	2_B.L.	0.682361728835254	0.5600609716098858	0.8996173141001099
50 2_B.L.accessrate_en___Darmstadt	2_B.L.	0.7069486109813403	0.5301652636398617	1.0772949379118302
51 2_B.L.accessrate_en___Dortmund	2_B.L.	0.7703469748785327	0.4720194636814634	1.0613814979570586
52 2_B.L.accessrate_en___Dresden	2_B.L.	0.7285898395669229	0.6831960796598157	1.2263572729776677
53 2_B.L.accessrate_en___Duisburg	2_B.L.	0.7626850376689931	0.5493753576763781	1.036557938812181
54 2_B.L.accessrate_en___Ecclesiastical	2_B.L.	0.6937625621993404	0.7128239813241698	0.9120406025724259
55 2_B.L.accessrate_en___Erlangen	2_B.L.	0.6715392397415266	0.5385895377719613	0.9057019499608422
56 2_B.L.accessrate_en___Essen	2_B.L.	0.7300192121447081	0.650639649881655	0.877795604123779
57 2_B.L.accessrate_en___Funicular	2_B.L.	0.7113545947032592	0.7121655614939104	1.0212682512512883
58 2_B.L.accessrate_en___Fürth	2_B.L.	0.6215327878382895	0.4842796175707981	0.9723723040708084
59 2_B.L.accessrate_en___Gelsenkirchen	2_B.L.	0.6970890669183061	0.7464295744609478	0.7924536650048108
60 2_B.L.accessrate_en___Greece	2_B.L.	0.7740451792580164	0.651006222552827	1.0695970685995975
61 2_B.L.accessrate_en___Göttingen	2_B.L.	0.6986269905893042	0.5119464743429692	1.1113561809329333
62 2_B.L.accessrate_en___Hagen	2_B.L.	0.6528487785426346	0.573662522347956	0.9276037083019859
63 2_B.L.accessrate_en___Hamburg	2_B.L.	0.7673046599363001	0.6127454488676929	1.0281542603582101
64 2_B.L.accessrate_en___Hamm	2_B.L.	0.6230303208110981	0.4472922839857076	1.033531217465915
65 2_B.L.accessrate_en___Heilbronn	2_B.L.	0.6495116868464863	0.5151133229819987	0.9111548045981916
66 2_B.L.accessrate_en___Hesse	2_B.L.	0.7364994848826999	0.5358264630616881	1.103295502932385
67 2_B.L.accessrate_en___Hildesheim	2_B.L.	0.6416208639519115	0.5011117279241643	0.9729785718273943
68 2_B.L.accessrate_en___Hohenstaufen	2_B.L.	0.7619114470370465	0.9663250673245213	0.5813879980755475
69 2_B.L.accessrate_en___Humanities	2_B.L.	0.8074290878860529	0.8716892907442537	1.1123507514541038
70 2_B.L.accessrate_en___Ingolstadt	2_B.L.	0.6959825736113007	0.5849659353588572	0.9747341476126449
71 2_B.L.accessrate_en___Intercity-Express	2_B.L.	0.6484172017833406	0.5763000990988572	1.0840035011022453
72 2_B.L.accessrate_en___Israel	2_B.L.	0.7474727056454613	0.9625095243625108	0.8111383820483935
73 2_B.L.accessrate_en___Japan	2_B.L.	0.666504068896273	0.7085991975514656	0.9945228086656642
74 2_B.L.accessrate_en___Jena	2_B.L.	0.7738493253349485	0.836143723046661	0.9062085005540812
75 2_B.L.accessrate_en___Jurisprudence	2_B.L.	0.650293932592538	0.7907959141668037	0.9432462002415294
76 2_B.L.accessrate_en___Kaiserslautern	2_B.L.	0.6703036352095255	0.5084718745843946	0.9318414714303976
77 2_B.L.accessrate_en___Karlsruhe	2_B.L.	0.7217692074187467	0.5073082954860814	1.0910078673572476
78 2_B.L.accessrate_en___Kassel	2_B.L.	1.0526811602914021	0.9035806077785135	0.8291730446206728
79 2_B.L.accessrate_en___Kiel	2_B.L.	0.7379046988597683	0.6654802210318341	0.7403208535889503
80 2_B.L.accessrate_en___Koblenz	2_B.L.	0.7328652295754652	0.4654550128362289	1.077269291209773
81 2_B.L.accessrate_en___Krefeld	2_B.L.	0.667976688657981	0.588274898384262	1.0447066002915522
82 2_B.L.accessrate_en___Kristallnacht	2_B.L.	0.7080969015152242	1.2284166702018022	0.7791935259943283
83 2_B.L.accessrate_en___Lamy	2_B.L.	0.5908951740938901	0.5961245487320217	1.0213894107200825
84 2_B.L.accessrate_en___Landau	2_B.L.	0.6291080438152209	0.5694646109387781	0.9111679096809852
85 2_B.L.accessrate_en___Leverkusen	2_B.L.	0.6837885026237635	0.5439802276256391	0.9243997265231956
86 2_B.L.accessrate_en___Ludwigshafen	2_B.L.	0.6471830241765814	0.5708849447889581	0.8978723828014915
87 2_B.L.accessrate_en___Luftwaffe	2_B.L.	0.715899600496012	0.760424705439177	0.8916597095714408
88 2_B.L.accessrate_en___Luxembourg	2_B.L.	0.7224183577921475	0.6866338539921144	1.064857161920808
89 2_B.L.accessrate_en___Lübeck	2_B.L.	0.6852227906958198	0.5265933843517702	0.9540859391406863
90 2_B.L.accessrate_en___Magdeburg	2_B.L.	0.6924714189589137	0.5264564832762905	1.0984428450152426
91 2_B.L.accessrate_en___Mainz	2_B.L.	0.7240254110891239	0.9089941013417572	0.8099298177312771
92 2_B.L.accessrate_en___Manga	2_B.L.	0.6913262818797276	0.5551276920495922	1.140206051927975
93 2_B.L.accessrate_en___Mannheim	2_B.L.	0.6984685254568773	0.5176731120776865	1.0344965243444297
94 2_B.L.accessrate_en___Midsummer	2_B.L.	0.726435239734562	0.6878250527567902	1.4925861471555304
95 2_B.L.accessrate_en___Monastery	2_B.L.	0.703090664476251	0.6641750474691802	1.0387596089590847
96 2_B.L.accessrate_en___Monster	2_B.L.	0.7431464694907447	0.5348262462700278	0.9475338802447317
97 2_B.L.accessrate_en___Montpellier	2_B.L.	0.8237336029853372	0.621078715024128	0.880554377325833
98 2_B.L.accessrate_en___Mönchengladbach	2_B.L.	0.6929284490887566	0.5107379726114446	0.9138742390506247
99 2_B.L.accessrate_en___Münster	2_B.L.	0.7242662829227273	0.535370856990369	1.071902591546188
100 2_B.L.accessrate_en___NATO	2_B.L.	0.7299838273894764	0.8958885002292793	1.0508615244782635
101 2_B.L.accessrate_en___NSDAP	2_B.L.	0.6754202987984395	0.5769566184905834	1.0242899709084623
102 2_B.L.accessrate_en___Neckar	2_B.L.	0.6195615340942652	0.796815272727602	0.7950114605090383
103 2_B.L.accessrate_en___Nuremberg	2_B.L.	0.570074099741639	0.6246436117323495	0.8436304242218153
104 2_B.L.accessrate_en___Oberhausen	2_B.L.	0.6647889451767778	0.4673891117504817	0.9522287857758305
105 2_B.L.accessrate_en___Oldenburg	2_B.L.	0.6768321708725896	0.5535495011441204	0.9898926452736262
106 2_B.L.accessrate_en___Osnabrück	2_B.L.	0.7080647162961108	0.6185662171986492	0.9240048911197581
107 2_B.L.accessrate_en___Paderborn	2_B.L.	0.675655365613261	0.433951839345886	0.9892902977484677
108 2_B.L.accessrate_en___Pakistan	2_B.L.	0.6888603279143846	0.6334273559139539	0.971342546451431
109 2_B.L.accessrate_en___Pennsylvania	2_B.L.	0.8223927190980909	0.617667808739798	0.9965290511607071
110 2_B.L.accessrate_en___Pforzheim	2_B.L.	0.6113227954499035	0.8037809173869195	0.8252945113749434
111 2_B.L.accessrate_en___Philippines	2_B.L.	0.6404727566435972	0.7528399166382236	1.0295059466514471
112 2_B.L.accessrate_en___Portal:Germany	2_B.L.	0.6416213429779127	0.5080072350606851	1.068968666896997
113 2_B.L.accessrate_en___Potsdam	2_B.L.	0.7058432849994285	0.7023943686964115	0.991775129946016
114 2_B.L.accessrate_en___Prince-elector	2_B.L.	0.6801006608447071	0.9124781454470602	0.649352476069494
115 2_B.L.accessrate_en___Prussia	2_B.L.	0.7226443220672837	0.6096699272194521	1.1348215487270794
116 2_B.L.accessrate_en___Quidditch	2_B.L.	0.785861792968494	0.5842444211467391	1.292039184878646
117 2_B.L.accessrate_en___Realschule	2_B.L.	1.2676078330601075	0.9532202351266847	0.7830255563699767
118 2_B.L.accessrate_en___Regensburg	2_B.L.	0.6706133315352206	0.4776475335271246	1.028160768415275
119 2_B.L.accessrate_en___Rehovot	2_B.L.	0.6590572011860611	0.59849862395178	0.9434418264588522
120 2_B.L.accessrate_en___Renaissance	2_B.L.	0.7619763790633638	0.8944539289124877	0.9347196186568447
121 2_B.L.accessrate_en___Rhine	2_B.L.	0.6620530738867069	0.6359985899362889	0.9198154292426693
122 2_B.L.accessrate_en___Rhineland-Palatinate	2_B.L.	0.7400836226428857	0.5590295394553155	1.044313796384851
123 2_B.L.accessrate_en___Romanticism	2_B.L.	0.74375831976672	0.9501728100417162	0.8021063893127278
124 2_B.L.accessrate_en___Rostock	2_B.L.	0.7071471576004148	0.49628159628645496	1.067986878297492
125 2_B.L.accessrate_en___Ruins	2_B.L.	0.6897169856222418	0.6591014094892524	1.0005403463628015
126 2_B.L.accessrate_en___SS	2_B.L.	0.679838794478735	0.8331297132787873	1.0062798761501903
127 2_B.L.accessrate_en___Saarbrücken	2_B.L.	0.6620539406561262	0.6178808006110733	0.939153147449034
128 2_B.L.accessrate_en___Saarland	2_B.L.	0.7596773997465764	0.6406483974828092	1.0876591885397624
129 2_B.L.accessrate_en___Seoul	2_B.L.	0.6285875429312751	0.6386647899681205	0.9856290042599318
130 2_B.L.accessrate_en___Siberia	2_B.L.	0.7404434829717584	0.6590395197142099	0.996086698753675
131 2_B.L.accessrate_en___Siegen	2_B.L.	0.6202668749525082	0.5347838778818533	0.98524617850602
132 2_B.L.accessrate_en___Simferopol	2_B.L.	0.6352784479744864	0.4511063568370179	1.0367377934587338
133 2_B.L.accessrate_en___Sinti	2_B.L.	0.682568707480885	0.7033138502176614	0.926604733225496
134 2_B.L.accessrate_en___Solingen	2_B.L.	0.6613674834690637	0.5469518096207183	0.8866851520164316
135 2_B.L.accessrate_en___Spain	2_B.L.	0.7867937319143431	0.7352247250914671	0.990634981531909
136 2_B.L.accessrate_en___Speyer	2_B.L.	0.6549713618127097	0.7710171125881373	0.7701044691723473
137 2_B.L.accessrate_en___Stuttgart	2_B.L.	0.7419640551851591	0.5645686017886361	0.8028226827275586
138 2_B.L.accessrate_en___Sweden	2_B.L.	0.7769962206093801	0.6604892166800788	0.99120075947161
139 2_B.L.accessrate_en___Sydney	2_B.L.	0.633632338738308	0.8075120689157652	0.9950248056845361
140 2_B.L.accessrate_en___Tokyo	2_B.L.	0.6956609662163459	0.6503220099897412	1.1292555710017358
141 2_B.L.accessrate_en___Toronto	2_B.L.	0.7873705334197912	0.4423102292032318	1.1576440195851663
142 2_B.L.accessrate_en___Tourism	2_B.L.	0.7876594296196642	0.7301978443602264	1.035904079409742
143 2_B.L.accessrate_en___Trier	2_B.L.	0.7348745807896672	0.4977995755007218	1.123234905381566
144 2_B.L.accessrate_en___Tübingen	2_B.L.	0.677237989855856	0.4779667360348575	0.9722117200616776
145 2_B.L.accessrate_en___Ulm	2_B.L.	0.7117653609563748	0.5411399221753518	0.967137508420723
146 2_B.L.accessrate_en___Umbria	2_B.L.	0.7285124810487683	0.7582275704637236	0.8719860956841455
147 2_B.L.accessrate_en___Virology	2_B.L.	0.6655004489827749	0.9124304684027945	0.688737934607107
148 2_B.L.accessrate_en___Wehrmacht	2_B.L.	0.6933432072114332	0.6728363125255629	0.8979412056413048
149 2_B.L.accessrate_en___Wiesbaden	2_B.L.	0.7270795696851807	0.7694803953378597	0.8158243062528786
150 2_B.L.accessrate_en___Wikipedia:Vagueness	2_B.L.	0.630298778399459	0.6145073693607264	0.9484662692102832
151 2_B.L.accessrate_en___Wikisource	2_B.L.	0.6364996629050522	0.5445459303682811	1.1107518620618553
152 2_B.L.accessrate_en___Wolfsburg	2_B.L.	0.7675825406851994	0.9708634155162177	0.8735624133783725
153 2_B.L.accessrate_en___Wuppertal	2_B.L.	0.6733294730217848	0.5628939083262267	1.0481981140748833
154 2_B.L.accessrate_en___Würzburg	2_B.L.	0.7084839940940006	0.5675125927411794	0.9680208639576793
155 2_B.L.accessrate_es___1925	2_B.L.	0.7341728507106797	0.5615084308444472	0.7688058524438391
156 2_B.L.accessrate_es___1946	2_B.L.	0.7664011151763469	0.5479122146946667	0.8506678717499533
157 2_B.L.accessrate_es___Baden-Wurtemberg	2_B.L.	0.7090093503871229	0.5343368294195819	0.9182015439497302
158 2_B.L.accessrate_es___Bohemia	2_B.L.	0.781918396510587	0.41526202805322737	1.0724790498090822
159 2_B.L.accessrate_es___Calvinismo	2_B.L.	0.9220236647665494	0.6736544766282464	0.7257050000373559
160 2_B.L.accessrate_es___Celta	2_B.L.	0.8359511269124676	0.6143585701782915	1.203022997608797
161 2_B.L.accessrate_es___Ciudad	2_B.L.	0.9649342528041759	0.6427037150436676	0.7683358304695657
162 2_B.L.accessrate_es___Contrarreforma	2_B.L.	1.001828238553528	0.6512416079816421	0.6928123006626586
163 2_B.L.accessrate_es___Humanismo	2_B.L.	0.9894343100543964	0.6804873213758829	0.788505312791195
164 2_B.L.accessrate_es___Luteranismo	2_B.L.	0.9408924108370542	0.566480302926275	0.7530391024829193
165 2_B.L.accessrate_es___País	2_B.L.	0.9503867681932819	0.5660656137495708	0.836785488616983
166 2_B.L.accessrate_es___Prusia	2_B.L.	0.8502055087680301	0.5248450675972002	0.979102364713041
167 2_B.L.accessrate_es___SS	2_B.L.	0.8706231252639866	0.4145057366502455	0.9561983742838097
168 2_B.L.accessrate_es___Turismo	2_B.L.	0.9963525223908261	0.6712344263530324	0.7561602995083797
169 2_B.L.accessrate_es___Ulm	2_B.L.	0.6940304142886777	0.5781223379088061	0.9117685142559525
170 2_B.L.accessrate_et___Prantsusmaa	2_B.L.	0.727265295215989	0.5550109538194316	0.7566921903638594
171 2_B.L.accessrate_et___Saksamaa	2_B.L.	0.8816166505958117	0.4860392542212472	0.5130373151013052
172 2_B.L.accessrate_fi___Barokki	2_B.L.	0.7204786474602457	0.7557244229103791	0.7010949043354355
173 2_B.L.accessrate_fi___Berliini	2_B.L.	0.8126686342243168	0.5627350910372191	1.0047375827913834
174 2_B.L.accessrate_fi___Helsinki	2_B.L.	0.9207222244395771	0.42168319800566145	0.8785326698984804
175 2_B.L.accessrate_fi___Juutalaiset	2_B.L.	0.7306327845731672	0.5199213796948767	0.9546055446097319
176 2_B.L.accessrate_fi___Kristinusko	2_B.L.	0.8061281708070983	0.5841851905822224	0.8992512053189865
177 2_B.L.accessrate_fi___Merkurius	2_B.L.	0.8184469123970339	0.6178737873576388	0.7580345015156126
178 2_B.L.accessrate_fi___Praha	2_B.L.	0.7019521610740203	0.5586420863055511	0.8470054274802669
179 2_B.L.accessrate_fi___Ranska	2_B.L.	0.9444794358143686	0.508576398247455	0.6800896318160985
180 2_B.L.accessrate_fi___Romantiikka	2_B.L.	0.787778284216567	0.7303720683053373	0.8443620398453782
181 2_B.L.accessrate_fi___Ruotsi	2_B.L.	0.8904460016084855	0.5756248116253265	0.7502409946344452
182 2_B.L.accessrate_fi___Viini	2_B.L.	0.7076900139475343	0.4421891865721902	0.9075573318994548
183 2_B.L.accessrate_fi___Wehrmacht	2_B.L.	0.7416511702306298	0.5902956606346462	0.7690111069562939
184 2_B.L.accessrate_fi___Wien	2_B.L.	0.7409330661845421	0.518801551011888	0.7379850217081045
185 2_B.L.accessrate_fi___Yliopisto	2_B.L.	0.7638090511638405	0.47526109456496657	0.8582444853509731
186 2_B.L.accessrate_fr___1830	2_B.L.	0.7900830669496609	0.4730838033096642	0.9380569078488745
187 2_B.L.accessrate_fr___1900	2_B.L.	0.726005739296457	0.4918244338343245	0.6473432500545966
188 2_B.L.accessrate_fr___1917	2_B.L.	0.7236172829227011	0.4591974602619243	1.0857111603136766
189 2_B.L.accessrate_fr___1919	2_B.L.	0.712189651742642	0.4141075712574136	1.095111445878152
190 2_B.L.accessrate_fr___1925	2_B.L.	0.7014956608023294	0.4671132140535298	0.8514343209220437
191 2_B.L.accessrate_fr___1933	2_B.L.	0.7563662951873839	0.3913814899250768	0.9854427305457933
192 2_B.L.accessrate_fr___1934	2_B.L.	0.7802858563063773	0.4471511109695171	0.9186362007930676
193 2_B.L.accessrate_fr___1939	2_B.L.	0.8308790145685335	0.465248995131379	0.7011750479635117
194 2_B.L.accessrate_fr___1944	2_B.L.	0.8421393940941727	0.39111225353107976	0.9365537350100396
195 2_B.L.accessrate_fr___1945	2_B.L.	0.8640086266328759	0.4055655703246077	1.1409159042524326
196 2_B.L.accessrate_fr___1950	2_B.L.	0.8409996168576861	0.41784226630562005	0.9773676433011567
197 2_B.L.accessrate_fr___1951	2_B.L.	0.7898493625427547	0.420013802655321	0.8081108817449354
198 2_B.L.accessrate_fr___1956	2_B.L.	0.7670984624819798	0.4473879832271656	0.794067637653311
199 2_B.L.accessrate_fr___1961	2_B.L.	0.7636160859367472	0.5068429390301394	0.9314700250672727
200 2_B.L.accessrate_fr___1965	2_B.L.	0.8035106522939375	0.40408487651358055	0.8558381883032309
201 2_B.L.accessrate_fr___1970	2_B.L.	0.6490150918073402	0.5588000810986731	0.6508793797685076
202 2_B.L.accessrate_fr___1975	2_B.L.	0.8429175795804622	0.3454994456411964	1.0202671801393102
203 2_B.L.accessrate_fr___1980	2_B.L.	0.7983231816125087	0.409871391735349	0.8983241965416033
204 2_B.L.accessrate_fr___1983	2_B.L.	0.649447300088368	0.5828579186320771	0.6460895153576846
205 2_B.L.accessrate_fr___1985	2_B.L.	0.6793146045076445	0.4192941848403826	0.9573993185523074
206 2_B.L.accessrate_fr___1987	2_B.L.	0.8201582215158465	0.41763860288384486	1.1134711479510235
207 2_B.L.accessrate_fr___1990	2_B.L.	0.7996143684101358	0.37008400067473185	0.9567222595498059
208 2_B.L.accessrate_fr___1991	2_B.L.	0.846725127965175	0.39029937485977	0.949706836028496
209 2_B.L.accessrate_fr___1992	2_B.L.	0.8121890840801321	0.39245575211217126	1.0214989060428428
210 2_B.L.accessrate_fr___2006	2_B.L.	0.902493000631601	0.3301449974748326	1.0707700897756056
211 2_B.L.accessrate_fr___Allemand	2_B.L.	0.911899051430986	0.40770114228177157	1.197613814603957
212 2_B.L.accessrate_fr___Autobus	2_B.L.	0.8048798987574195	0.46890985881353486	0.8975715688679152
213 2_B.L.accessrate_fr___Bade-Wurtemberg	2_B.L.	0.8212074578387065	0.5122407927825183	0.802490622730322
214 2_B.L.accessrate_fr___Baden-Baden	2_B.L.	0.7515372070400504	1.0227948573656263	0.9738065053813124
215 2_B.L.accessrate_fr___Bosnie-Herzégovine	2_B.L.	0.8640468445262	0.47769796392860275	1.0238408269716022
216 2_B.L.accessrate_fr___Ciment	2_B.L.	0.8838021428583889	0.49365048110372517	0.8910558222141353
217 2_B.L.accessrate_fr___Djembé	2_B.L.	0.8601328432471338	0.4373013640209761	1.0051044887357965
218 2_B.L.accessrate_fr___Droit	2_B.L.	0.9122103293009474	0.5657251344229872	1.0363642340953108
219 2_B.L.accessrate_fr___Emballage	2_B.L.	0.8073844623719728	0.7089348030879012	0.5439858939262684
220 2_B.L.accessrate_fr___Francfort	2_B.L.	0.7805101274221284	0.686158499655967	1.115397428042511
221 2_B.L.accessrate_fr___Fribourg-en-Brisgau	2_B.L.	0.8196708294158934	0.39442008954090474	0.9962179864032441
222 2_B.L.accessrate_fr___Funiculaire	2_B.L.	0.7004821832235708	0.5434521524019675	0.7799594177131777
223 2_B.L.accessrate_fr___Israël	2_B.L.	0.8856351285588883	0.5048768835835845	1.1054180192576577
224 2_B.L.accessrate_fr___Japon	2_B.L.	0.5543189722899117	0.5462674311155331	0.6016950923433859
225 2_B.L.accessrate_fr___Karlsruhe	2_B.L.	0.7169770010727219	0.4280589459891251	0.8434832479783992
226 2_B.L.accessrate_fr___Mannheim	2_B.L.	0.7263929779721976	0.4867572622040709	0.7781753574013085
227 2_B.L.accessrate_fr___Montpellier	2_B.L.	0.9787600769170245	0.3711584038553812	0.8875191406133446
228 2_B.L.accessrate_fr___Musée	2_B.L.	0.833856200314424	0.5056067466641633	0.7864674666641885
229 2_B.L.accessrate_fr___Myrtille	2_B.L.	0.8307166326378571	0.36288648995868555	0.8325748277674214
230 2_B.L.accessrate_fr___Médecine	2_B.L.	0.9539001229483637	0.37354247682276964	1.036628449478323
231 2_B.L.accessrate_fr___Pharmacie	2_B.L.	0.8567819128427833	0.37747285990341983	0.8629523833249129
232 2_B.L.accessrate_fr___Philippines	2_B.L.	0.8678578000972704	0.46819064633980156	1.022293397380594
233 2_B.L.accessrate_fr___Philosophie	2_B.L.	0.9535538392520037	0.4547656184820793	1.2246119925817034
234 2_B.L.accessrate_fr___Physique	2_B.L.	0.9642246224710211	0.4130681775652404	1.1518181661310398
235 2_B.L.accessrate_fr___Portail:Géographie	2_B.L.	0.9462700144954959	0.40358052062242333	0.9308112938777033
236 2_B.L.accessrate_fr___Romantisme	2_B.L.	0.9704293012243224	0.47720193972559805	0.9301504799450028
237 2_B.L.accessrate_fr___Stuttgart	2_B.L.	0.9133376265949599	0.46523901786775584	0.9245761550243
238 2_B.L.accessrate_fr___Ukraine	2_B.L.	0.9175334148686197	0.4567475400733689	1.04295570595912
239 2_B.L.accessrate_fr___Ulm	2_B.L.	0.7751164622070578	0.41026635432385766	0.9301343886432806
240 2_B.L.accessrate_he___אוסטריה	2_B.L.	0.7685338825099739	0.4759651669678645	0.931889282004558
241 2_B.L.accessrate_he___אוקראינה	2_B.L.	0.7951397971244132	0.4911315277961278	0.9187945804922609
242 2_B.L.accessrate_he___אושוויץ	2_B.L.	0.8046050481052931	1.0963078963058037	0.9419694728632653
243 2_B.L.accessrate_he___בלגיה	2_B.L.	0.7583147297783676	0.4828908837736049	1.0104476607453645
244 2_B.L.accessrate_he___בריטניה	2_B.L.	0.7792597466770641	0.4167399586604181	0.9388336454978999
245 2_B.L.accessrate_he___ברלין	2_B.L.	0.6855219850642131	0.5489109265536181	0.870397148630664
246 2_B.L.accessrate_he___השואה	2_B.L.	0.8474674123490813	1.0319320833550345	0.9939042079324788
247 2_B.L.accessrate_he___יהדות	2_B.L.	0.8431982278022105	0.39851052581841495	1.0422678302368833
248 2_B.L.accessrate_he___יהודים	2_B.L.	0.7410498466282106	0.5241035697145232	1.0341456152663524
249 2_B.L.accessrate_he___יין	2_B.L.	0.7579752602223323	0.5193390635052947	0.8369869263372518
250 2_B.L.accessrate_he___יפן	2_B.L.	0.8847863962535409	0.4124987071507409	0.9388667249925077
251 2_B.L.accessrate_he___ישראל	2_B.L.	0.9656466938746407	0.33222105882321945	1.2452576299335032
252 2_B.L.accessrate_he___כלכלה	2_B.L.	0.7723445749881108	0.4348790453964166	0.8893043467928416
253 2_B.L.accessrate_he___נצרות	2_B.L.	0.8570566006384104	0.406044768426345	1.0943982708438016
254 2_B.L.accessrate_he___עץ	2_B.L.	0.7918272449197059	0.48968622204730344	0.9366635506443672
255 2_B.L.accessrate_he___פולין	2_B.L.	0.828955525585858	0.5579643501029806	1.0072696683181306
256 2_B.L.accessrate_he___צ'כיה	2_B.L.	0.8152813373005605	0.7235236185718261	0.8892097834126326
257 2_B.L.accessrate_he___רחובות	2_B.L.	0.8760822929470187	0.46277093383951395	0.8078098316827731
258 2_B.L.accessrate_he___רנסאנס	2_B.L.	0.8636354309012453	0.488489345007654	0.9456045676982909
259 2_B.L.accessrate_he___רפואה	2_B.L.	0.7537398350806274	0.36367574026865684	0.9302760812809088
260 2_B.L.accessrate_he___שבדיה	2_B.L.	0.7849247206901294	0.6685454485239541	0.9340460254361235
261 2_B.L.accessrate_hr___Austrija	2_B.L.	0.8260696950786929	0.492142817740432	0.9461361988800123
262 2_B.L.accessrate_hr___Barok	2_B.L.	0.8152027607269319	0.5889886030950304	0.6607870055842592
263 2_B.L.accessrate_hr___Beč	2_B.L.	0.7345406704971577	0.6529772571569649	0.7488603126420382
264 2_B.L.accessrate_hr___Božić	2_B.L.	0.8370575573768992	0.7491218404475902	0.19915351001917922
265 2_B.L.accessrate_hr___Europa	2_B.L.	0.7719450577582461	0.5537004288170049	0.9638835317033032
266 2_B.L.accessrate_hr___Izrael	2_B.L.	0.8792309102912941	1.0831604736606186	0.8161227601599077
267 2_B.L.accessrate_hr___Japan	2_B.L.	0.8167015248581786	0.47280255106728997	0.9406171257797884
268 2_B.L.accessrate_hr___Rusija	2_B.L.	0.8183890216059777	0.47237426435314195	0.9096129617375701
269 2_B.L.accessrate_hr___Ukrajina	2_B.L.	0.7114268191671064	0.5253084397928256	1.0238997849332478
270 2_B.L.accessrate_hr___Varaždin	2_B.L.	0.7493709624538271	0.5743605672976426	0.8762900200354401
271 2_B.L.accessrate_hr___Židovi	2_B.L.	0.7469639400482595	0.5099936002249449	0.8002149020117282
272 2_B.L.accessrate_hu___Izrael	2_B.L.	0.9244023565772658	0.8201695710231797	0.9500807681292878
273 2_B.L.accessrate_hu___Japán	2_B.L.	0.9035986861649904	0.3507754248217337	1.0123052931487329
274 2_B.L.accessrate_hu___Reneszánsz	2_B.L.	0.9782512510140556	0.5335774953262903	0.7654645001995268
275 2_B.L.accessrate_hu___Ukrajna	2_B.L.	0.8389552957939689	0.5572023216921973	0.9317634594544202
276 2_B.L.accessrate_id___Israel	2_B.L.	0.9310490667724982	0.6502236895849289	1.9012679936386205
277 2_B.L.accessrate_id___Jepang	2_B.L.	0.9802302632788399	0.2874801807279676	1.2514938091476129
278 2_B.L.accessrate_id___Jerman	2_B.L.	0.9236346082722973	0.3959407087943975	1.3158013317670785
279 2_B.L.accessrate_id___Penduduk	2_B.L.	0.7485834843266792	0.48444293254610254	0.9061069745787069
280 2_B.L.accessrate_id___Perancis	2_B.L.	0.5547627865944766	0.6671047578975859	0.6315114828673427
281 2_B.L.accessrate_it___Amburgo	2_B.L.	0.8057106366462252	0.4019396164088875	0.9077833264233173
282 2_B.L.accessrate_it___Auschwitz	2_B.L.	0.8660670515760348	0.9810721726278676	0.8200009915599115
283 2_B.L.accessrate_it___Baden-Württemberg	2_B.L.	0.7671190533014093	0.48507779189655814	0.7875630198196212
284 2_B.L.accessrate_it___Biochimica	2_B.L.	0.8814779059142281	0.4640803720837362	0.9318244478550376
285 2_B.L.accessrate_it___Boemia	2_B.L.	0.8215556003760046	0.4593534596933172	0.8377838308925493
286 2_B.L.accessrate_it___Buddismo	2_B.L.	0.7885774516762336	0.47204573125425675	0.7033435445452336
287 2_B.L.accessrate_it___Calvinismo	2_B.L.	0.9066205299856295	0.4752167665219636	0.8270430323706967
288 2_B.L.accessrate_it___Celti	2_B.L.	0.9747216533537172	0.35007160983557384	0.9401158878166046
289 2_B.L.accessrate_it___Controriforma	2_B.L.	0.9360664573882342	0.4538698612971711	0.8199776417143759
290 2_B.L.accessrate_it___Franchi	2_B.L.	0.8548013341706768	0.37350557354106456	0.8960196404926525
291 2_B.L.accessrate_it___Gesuiti	2_B.L.	0.8019375185646409	0.4759349520766259	0.5733829952545787
292 2_B.L.accessrate_it___Goethe	2_B.L.	0.8933128242417491	0.6844450486287605	0.9915381540051916
293 2_B.L.accessrate_it___Islam	2_B.L.	0.6568497399330857	0.5264313261409982	0.4977613247306106
294 2_B.L.accessrate_it___Luteranesimo	2_B.L.	0.8224758774695924	0.4977163003741476	0.8061748213237804
295 2_B.L.accessrate_it___Merovingi	2_B.L.	0.7127412773799928	0.5354389282788284	0.7935736171526179
296 2_B.L.accessrate_it___Mormoni	2_B.L.	0.8492821879615382	0.7873316412025964	0.8267719917452742
297 2_B.L.accessrate_it___NATO	2_B.L.	0.9442748000876887	0.4518629622434372	0.9092093720866642
298 2_B.L.accessrate_it___NSDAP	2_B.L.	0.7476395305246232	0.47488390283241194	0.8056633734668694
299 2_B.L.accessrate_it___Olocausto	2_B.L.	1.2565335932809207	0.8300105519035523	0.8981553237131631
300 2_B.L.accessrate_it___Prussia	2_B.L.	0.6778503026216645	0.49384532979554824	0.6404747980882648
301 2_B.L.accessrate_it___Salisburgo	2_B.L.	0.8912552257381068	0.4435666051790897	0.9210550394834021
302 2_B.L.accessrate_it___Sindaco	2_B.L.	0.8536807533932221	0.5693749995582793	0.7825565944398217
303 2_B.L.accessrate_it___Sinti	2_B.L.	0.8157023097206043	0.7144266088687038	0.8815331903715286
304 2_B.L.accessrate_it___Spettroscopia	2_B.L.	0.8615724628697216	0.4572543387628456	0.7664104536390199
305 2_B.L.accessrate_it___Stoccarda	2_B.L.	0.5723675575535327	0.5572016897551868	0.12756603495056412
306 2_B.L.accessrate_it___Umanesimo	2_B.L.	0.9642449752863288	0.4729809799385694	0.9741524215001232
307 2_B.L.accessrate_it___Versailles	2_B.L.	0.8155589970974236	0.4983557633257044	0.8001925306067713
308 2_B.L.accessrate_it___Wehrmacht	2_B.L.	0.8395108174715366	0.5934294288108151	0.8825602394358897
309 2_B.L.accessrate_it___Zurigo	2_B.L.	0.8608177193022373	0.432716244903615	0.9083163240369218
310 2_B.L.accessrate_ja___1933年	2_B.L.	0.7031861791569048	0.5447346414861448	0.7683463342232388
311 2_B.L.accessrate_ja___1938年	2_B.L.	0.7133903462679267	0.5219772800810398	0.9057157436952928
312 2_B.L.accessrate_ja___1940年	2_B.L.	0.7224397066195141	0.41421594072089074	0.9830873630487107
313 2_B.L.accessrate_ja___1972年	2_B.L.	0.7963099559442943	0.38786200191167336	1.0220401095291707
314 2_B.L.accessrate_ja___1981年	2_B.L.	0.8153080183890009	0.3821690956097905	1.030476719474889
315 2_B.L.accessrate_ja___AFN	2_B.L.	0.7499609155582686	0.45834469799921845	1.063876696922832
316 2_B.L.accessrate_ja___ICE	2_B.L.	0.7609880107682905	0.5337715492338698	0.9744684162319435
317 2_B.L.accessrate_ja___ISBN	2_B.L.	0.8982385515889191	0.6335885925204633	0.699764672084002
318 2_B.L.accessrate_ja___SAP	2_B.L.	0.9316121207662218	0.8134523006102012	0.5488575340674429
319 2_B.L.accessrate_ja___アウシュヴィッツ強制収容所	2_B.L.	0.8844870598467776	0.7009453072095072	0.617530210244957
320 2_B.L.accessrate_ja___アウトバーン	2_B.L.	0.752939698548666	0.5754095936508891	0.8810730443874963
321 2_B.L.accessrate_ja___アフリカ	2_B.L.	0.8176726472767352	0.42018050125107664	0.9609916591671078
322 2_B.L.accessrate_ja___アメリカ同時多発テロ事件	2_B.L.	0.5988650989322426	0.7448653395828128	1.1249707580167598
323 2_B.L.accessrate_ja___アメリカ陸軍	2_B.L.	0.8028136393308719	0.42442859472270156	0.9681313468204876
324 2_B.L.accessrate_ja___アーモンド	2_B.L.	0.8459611600671709	0.39843634230731845	1.0386783444242291
325 2_B.L.accessrate_ja___アーリア人	2_B.L.	0.7573185201444307	0.455311379007262	0.8606452894445987
326 2_B.L.accessrate_ja___イエズス会	2_B.L.	0.7381372224864988	0.5240969664945395	0.8696193237807645
327 2_B.L.accessrate_ja___イスラエル	2_B.L.	0.8089962407403554	0.7032334379082821	0.4551346412670385
328 2_B.L.accessrate_ja___イスラム教	2_B.L.	0.8260118460245116	0.4952264567168503	0.9069980833902356
329 2_B.L.accessrate_ja___イチジク	2_B.L.	0.8176566375905059	0.5892392993588901	1.0186619097815208
330 2_B.L.accessrate_ja___ウクライナ	2_B.L.	0.7356351067117328	0.6628237406932587	0.8178841476547142
331 2_B.L.accessrate_ja___エアバスA320	2_B.L.	0.7658598478143614	0.8222645324524793	1.4105606006042797
332 2_B.L.accessrate_ja___エルンスト・ユンガー	2_B.L.	0.7177605431087952	0.4399092743748091	1.1180889629777397
333 2_B.L.accessrate_ja___オセアニア	2_B.L.	0.7843395593964922	0.5091204816410447	0.9345933799608404
334 2_B.L.accessrate_ja___オペレッタ	2_B.L.	0.6954168754246722	0.47135187565846637	0.9085397432341209
335 2_B.L.accessrate_ja___オリーブ	2_B.L.	0.8122842505260848	0.42100878867869246	1.0484490170915342
336 2_B.L.accessrate_ja___オルガン	2_B.L.	0.7368342175760475	0.48809261871563075	0.8922045767855311
337 2_B.L.accessrate_ja___オーク	2_B.L.	0.7720914598657684	0.4552214033432416	1.0947527296780246
338 2_B.L.accessrate_ja___カーシェアリング	2_B.L.	0.7094890824199279	0.7195963950995204	0.45458561056271163
339 2_B.L.accessrate_ja___キリスト教	2_B.L.	0.8477107941503308	0.8329355158607747	0.6723684475098615
340 2_B.L.accessrate_ja___ギムナジウム	2_B.L.	0.7680456661137289	0.5041772883954445	0.8894280040293061
341 2_B.L.accessrate_ja___クラシック音楽	2_B.L.	0.8519561165251728	0.37682698120897695	0.9379005270721297
342 2_B.L.accessrate_ja___ケルト人	2_B.L.	0.6832074417293764	0.6866765161987668	1.061887336703194
343 2_B.L.accessrate_ja___ケルン	2_B.L.	0.6945194620089897	0.4758386348809489	0.9520923109904769
344 2_B.L.accessrate_ja___ゲシュタルト心理学	2_B.L.	0.7424191361806304	0.590461023603652	0.9561485749246643
345 2_B.L.accessrate_ja___ゲルマン人	2_B.L.	0.768048599466884	0.46145087337383767	0.8439671483048478
346 2_B.L.accessrate_ja___ゴシック建築	2_B.L.	0.7454066654125897	0.6136006251658258	0.9365661017180692
347 2_B.L.accessrate_ja___サービス業	2_B.L.	0.8074497827743885	0.7199014578697688	0.7384847636881992
348 2_B.L.accessrate_ja___シナゴーグ	2_B.L.	0.6827858554150732	0.5706194483221044	0.6982013703525135
349 2_B.L.accessrate_ja___シュタイナー教育	2_B.L.	0.7931441894967727	0.5476774198471028	1.0298669144265435
350 2_B.L.accessrate_ja___シュトゥットガルト	2_B.L.	0.7090552764982945	0.49051568132531825	1.0228149161119742
351 2_B.L.accessrate_ja___ジャクソン・ブラウン	2_B.L.	0.6753027435215921	0.5259318033327217	0.8731148279341374
352 2_B.L.accessrate_ja___ジャズ	2_B.L.	0.8212313557775781	0.37351057740292276	1.1054721620107077
353 2_B.L.accessrate_ja___ジュネーヴ	2_B.L.	0.7226223243831268	0.48247946299206695	1.0056582670038587
354 2_B.L.accessrate_ja___ジョゼフ・マロード・ウィリアム・ターナー	2_B.L.	0.7684658924234252	0.6867838648172014	0.6428225607447002
355 2_B.L.accessrate_ja___スウェーデン	2_B.L.	0.8306065079963464	0.5016369366228891	0.9512520706067273
356 2_B.L.accessrate_ja___タイ王国	2_B.L.	0.8933147591676469	0.7145313320472153	0.9444789152288083
357 2_B.L.accessrate_ja___ダッハウ強制収容所	2_B.L.	0.6810306994417918	0.6074755854610668	0.7766599245878947
358 2_B.L.accessrate_ja___テロ	2_B.L.	0.7628717311130002	0.61561671395417	1.0305126367404385
359 2_B.L.accessrate_ja___トライアスロン	2_B.L.	0.5635992991440363	0.6356915498081135	0.7218831837974192
360 2_B.L.accessrate_ja___ドイツ国防軍	2_B.L.	0.45776545530104157	0.5324687672496822	0.6340013102299217
361 2_B.L.accessrate_ja___ドイツ赤軍	2_B.L.	0.7365013008291676	0.7584541375695335	0.9715485152852075
362 2_B.L.accessrate_ja___ドイツ鉄道	2_B.L.	0.716705612712738	0.4231832680569916	1.030934223425041
363 2_B.L.accessrate_ja___ナチス	2_B.L.	0.7964848091553776	0.4346773648417084	0.9209348461700158
364 2_B.L.accessrate_ja___ネアンデルタール人	2_B.L.	0.7854570291599805	0.8970042450001826	0.8352631226092786
365 2_B.L.accessrate_ja___ノーベル化学賞	2_B.L.	0.7783989762192168	0.6545477731183681	1.1404257349876297
366 2_B.L.accessrate_ja___ノーベル物理学賞	2_B.L.	0.9089365714753537	0.6795565062467075	1.165938351208231
367 2_B.L.accessrate_ja___ハンドボール	2_B.L.	0.8174891211076971	0.4665515203070668	0.9775728560153759
368 2_B.L.accessrate_ja___ハンナ・アーレント	2_B.L.	0.7960671812796098	0.6680679545958534	0.9922245303951477
369 2_B.L.accessrate_ja___ハンブルク	2_B.L.	0.6087173552854463	0.5390499009979691	1.0866316147221686
370 2_B.L.accessrate_ja___ハーフマラソン	2_B.L.	0.7281915723895015	0.7947556313567504	0.6380043439603222
371 2_B.L.accessrate_ja___バスケットボール	2_B.L.	0.9195024730563374	0.35523372940884707	0.9094921972345237
372 2_B.L.accessrate_ja___バプテスト教会	2_B.L.	0.7102402694855301	0.47366875316607493	0.9264814436258796
373 2_B.L.accessrate_ja___バロック	2_B.L.	0.7906349083617287	0.4710859474398451	0.8498485928357236
374 2_B.L.accessrate_ja___パリ	2_B.L.	0.799523884535447	0.4093427709152551	1.0244473070185247
375 2_B.L.accessrate_ja___ピアニスト	2_B.L.	0.6972588366086035	0.4915966073160327	0.9869380855903439
376 2_B.L.accessrate_ja___フランク王国	2_B.L.	0.7265881189349279	0.4530454873512115	1.012315697163638
377 2_B.L.accessrate_ja___フランス王国	2_B.L.	0.6751116880007698	0.5178983191206253	0.9724810802934413
378 2_B.L.accessrate_ja___ブレーメン	2_B.L.	0.7315121646659384	0.4743849225367542	1.2201114054106184
379 2_B.L.accessrate_ja___プラハ	2_B.L.	0.7421194445819589	0.5134033187508453	0.9833592312816483
380 2_B.L.accessrate_ja___プロイセン	2_B.L.	0.8506093848502516	0.425075532172041	1.1286178427519147
381 2_B.L.accessrate_ja___プロテスタント	2_B.L.	0.7809031915825257	0.5099303745633929	1.0663777616716996
382 2_B.L.accessrate_ja___ヘクタール	2_B.L.	0.9245743607231838	0.697101542302616	0.7812805468737192
383 2_B.L.accessrate_ja___ホロコースト	2_B.L.	0.8343535332400928	0.5942546850821726	0.632628354088226
384 2_B.L.accessrate_ja___ボヘミア	2_B.L.	0.690153910799521	0.5282236181138414	0.8643486165883096
385 2_B.L.accessrate_ja___マックス・ヴェーバー	2_B.L.	0.7545424951756239	0.6181933682988868	1.2334546093323073
386 2_B.L.accessrate_ja___マルティン・ルター	2_B.L.	0.770374988238244	0.5136966424684978	1.1234425495723181
387 2_B.L.accessrate_ja___マーク・トウェイン	2_B.L.	0.7162227309376625	0.5020155218072558	1.0671040272736714
388 2_B.L.accessrate_ja___ミュンヘン	2_B.L.	0.7541432618989782	0.4632274295153596	1.0633341545417865
389 2_B.L.accessrate_ja___メルクリウス	2_B.L.	0.7260598664735292	0.38686078383695754	1.0890907677760522
390 2_B.L.accessrate_ja___メロヴィング朝	2_B.L.	0.5185056851289503	0.8997928699653976	0.8208355957418133
391 2_B.L.accessrate_ja___モルモン教	2_B.L.	0.75071639166705	0.5188447260863868	1.0082174361271865
392 2_B.L.accessrate_ja___ユダヤ人	2_B.L.	0.7751361427768144	0.4786257753135865	0.7555324210753507
393 2_B.L.accessrate_ja___ユダヤ教	2_B.L.	0.8119523657806255	0.5327260503485035	0.9489073756222242
394 2_B.L.accessrate_ja___ヨハン・ヴォルフガング・フォン・ゲーテ	2_B.L.	0.7407456793428003	0.5342273658629467	1.0330480822621086
395 2_B.L.accessrate_ja___ヨーゼフ・ゲッベルス	2_B.L.	0.7654049138659884	0.6977105188273178	0.7771638904400946
396 2_B.L.accessrate_ja___ライン川	2_B.L.	0.6929795240785966	0.46964056827732864	0.9619883384536965
397 2_B.L.accessrate_ja___ラビ	2_B.L.	0.7375744696003241	0.40391404470785747	0.976898466861244
398 2_B.L.accessrate_ja___ルネサンス建築	2_B.L.	0.6908547019409002	0.6844165767900177	0.849445029798224
399 2_B.L.accessrate_ja___ロマネスク建築	2_B.L.	0.7206482858450862	0.6174426332638407	0.8825651323756226
400 2_B.L.accessrate_ja___ロマン主義	2_B.L.	0.7312366756219023	0.49542711630075065	1.2779654164066467
401 2_B.L.accessrate_ja___ヴァイマル共和政	2_B.L.	0.7843144980751623	0.8160724298522598	0.7511645767275067
402 2_B.L.accessrate_ja___ヴィクトル・ユーゴー	2_B.L.	0.7576838232702651	0.5560795309625906	0.858743455980455
403 2_B.L.accessrate_ja___ヴィブラフォン	2_B.L.	0.7363936603420393	0.4222982201612594	1.0506252604519146
404 2_B.L.accessrate_ja___ヴェストファーレン条約	2_B.L.	0.7114127159507158	0.5472969562357154	0.9324227054389639
405 2_B.L.accessrate_ja___ヴェルサイユ宮殿	2_B.L.	0.865455589308993	0.43665783018602483	1.0030032169060623
406 2_B.L.accessrate_ja___三十年戦争	2_B.L.	0.7316348038040749	0.888145968319698	0.7100979133520187
407 2_B.L.accessrate_ja___世界遺産	2_B.L.	0.883533446316382	0.43790258200162324	0.9747487246588163
408 2_B.L.accessrate_ja___仏教	2_B.L.	0.8202048293770494	0.43767378312812816	0.9848995815214092
409 2_B.L.accessrate_ja___作曲家	2_B.L.	0.6897156079533869	0.6116453277593776	0.7821991269413361
410 2_B.L.accessrate_ja___修士	2_B.L.	0.8208841199345224	0.5221553185840979	0.8432874083280013
411 2_B.L.accessrate_ja___俳優	2_B.L.	0.8884875906641955	0.3394321454293554	0.9985884306333499
412 2_B.L.accessrate_ja___元帥	2_B.L.	0.8272669302775227	0.42676828221727364	0.9936795227540325
413 2_B.L.accessrate_ja___公証役場	2_B.L.	0.8687526404997554	0.7246909905290633	0.46011534674283716
414 2_B.L.accessrate_ja___北大西洋条約機構	2_B.L.	0.7878103233030236	0.8571246230604215	0.588994201862879
415 2_B.L.accessrate_ja___国家社会主義	2_B.L.	0.6974154881998287	0.5355553262743576	0.8035337889067105
416 2_B.L.accessrate_ja___国際連合教育科学文化機関	2_B.L.	0.7966186070820489	0.7525362228794535	0.7513749781398252
417 2_B.L.accessrate_ja___外交官	2_B.L.	0.8066613930866391	0.500577757031888	0.8804003088074595
418 2_B.L.accessrate_ja___天文学	2_B.L.	0.7523938514470128	0.4847642093894657	1.0145075343948013
419 2_B.L.accessrate_ja___失業率	2_B.L.	0.7784921840279636	0.7780492463647638	0.7363797381389077
420 2_B.L.accessrate_ja___学士	2_B.L.	0.7891401856260026	0.5733089223549017	0.8278261749638661
421 2_B.L.accessrate_ja___宗教改革	2_B.L.	0.7452345425983667	0.5506492668027606	1.2249579646790736
422 2_B.L.accessrate_ja___復活祭	2_B.L.	0.850082578070904	0.8165719833386041	1.350822170313485
423 2_B.L.accessrate_ja___心理学	2_B.L.	0.8380714502817606	0.4307256361431272	1.100469953563793
424 2_B.L.accessrate_ja___検察庁	2_B.L.	0.7512974964610462	1.0670117887465218	1.0310521461841213
425 2_B.L.accessrate_ja___民主主義	2_B.L.	0.8201316012849154	0.7973998859390735	0.9626181917282411
426 2_B.L.accessrate_ja___水晶の夜	2_B.L.	0.8228771221169581	0.6084534498417189	0.9548409958443785
427 2_B.L.accessrate_ja___無線LAN	2_B.L.	0.9149267567325826	0.3613708990066803	1.0233222424147814
428 2_B.L.accessrate_ja___熊本市	2_B.L.	0.8060494849455528	0.5109466658159326	0.8984274682196655
429 2_B.L.accessrate_ja___熊本県	2_B.L.	0.8326721331205407	0.4277507554611465	0.8705322436441224
430 2_B.L.accessrate_ja___物理学	2_B.L.	0.8251439962664204	0.41992632235049304	0.9013528146637191
431 2_B.L.accessrate_ja___現代音楽	2_B.L.	0.752561389959561	0.426832819374603	1.048170790689267
432 2_B.L.accessrate_ja___社会学	2_B.L.	0.7495694888299033	0.5450236376263681	1.1998448448193282
433 2_B.L.accessrate_ja___社会心理学	2_B.L.	0.7052319924279785	0.5562173585085299	1.1851925189507935
434 2_B.L.accessrate_ja___神聖ローマ帝国	2_B.L.	0.891370405102392	0.8903385917252888	0.5468631214184692
435 2_B.L.accessrate_ja___神聖ローマ皇帝	2_B.L.	0.754614565091702	0.6194866858657897	0.7666519287978208
436 2_B.L.accessrate_ja___第三次産業	2_B.L.	0.7858678802213842	0.6668927019626777	0.6990072994329883
437 2_B.L.accessrate_ja___経度	2_B.L.	0.8512354842766057	0.6128013409905402	0.9116467543408342
438 2_B.L.accessrate_ja___経済学	2_B.L.	0.8043297122275885	0.4944694037715988	1.0337479284934352
439 2_B.L.accessrate_ja___緯度	2_B.L.	0.8824168315593687	0.5957678114646978	0.8325393823595537
440 2_B.L.accessrate_ja___聖母マリア	2_B.L.	0.77019702254284	0.660688288736455	0.9219597219933848
441 2_B.L.accessrate_ja___自由主義	2_B.L.	0.6617380787690668	0.6944119403637805	0.9731548560983266
442 2_B.L.accessrate_ja___超短波	2_B.L.	0.754924508720228	0.48719989455198526	0.9523406784437977
443 2_B.L.accessrate_ja___路面電車	2_B.L.	0.7621317905979892	0.6743995385015099	0.6770964590181168
444 2_B.L.accessrate_ja___電子顕微鏡	2_B.L.	0.7992328166901554	0.6916328637105089	0.7409709284274336
445 2_B.L.accessrate_ko___다음	2_B.L.	0.8308645728779199	0.4741941384398927	0.8734591512549014
446 2_B.L.accessrate_ko___서울특별시	2_B.L.	0.6873813521350369	0.4823277153940634	1.0566515699168106
447 2_B.L.accessrate_ko___이스라엘	2_B.L.	0.7187273547439095	0.49444143128720863	1.0584137224319963
448 2_B.L.accessrate_ko___일본	2_B.L.	0.7994962200090269	0.3987101726313782	1.0240143755113778
449 2_B.L.accessrate_lv___Francija	2_B.L.	0.8405000297075791	0.6412208220497352	0.8747196973850042
450 2_B.L.accessrate_lv___Japāna	2_B.L.	0.7641063575457236	0.5613215279043019	0.971615975522671
451 2_B.L.accessrate_lv___Vācija	2_B.L.	0.8459644772853098	0.7102309792309696	1.0885535132444184
452 2_B.L.accessrate_nl___Baden-Württemberg	2_B.L.	0.7773210899658541	0.6175489035331819	0.6410636652298445
453 2_B.L.accessrate_nl___Israël	2_B.L.	0.765522944309084	0.5020422193168544	0.4983111629331912
454 2_B.L.accessrate_nl___Japan	2_B.L.	0.9681596001208527	0.43782931021866234	0.8624191691887608
455 2_B.L.accessrate_nl___Middeleeuwen	2_B.L.	0.994798172733247	0.5346535340923312	0.97320887980696
456 2_B.L.accessrate_nl___Montpellier	2_B.L.	0.8735162214475118	0.564175212552569	0.7904976218414707
457 2_B.L.accessrate_nl___Oekraïne	2_B.L.	0.827355295855997	0.48579875948906376	0.9354453415523856
458 2_B.L.accessrate_nl___Stuttgart	2_B.L.	0.8046491358789754	0.6195192153086218	0.6746998699633848
459 2_B.L.accessrate_nl___Thailand	2_B.L.	0.9345909435344132	0.5167616227009751	0.8372917402363781
460 2_B.L.accessrate_nl___Zweden	2_B.L.	0.9327396176977155	0.4318028537657174	0.931227511132124
461 2_B.L.accessrate_no___2009	2_B.L.	0.6632016112278187	0.5380773392907625	0.7871914782053453
462 2_B.L.accessrate_no___Amerika	2_B.L.	0.7354433044809059	0.7610392534724718	0.5017713178475359
463 2_B.L.accessrate_no___Barokken	2_B.L.	0.8528984412794428	0.8633074783241109	0.6953385554579473
464 2_B.L.accessrate_no___Europa	2_B.L.	0.8042853772418855	0.7458832198926408	0.6416414652643756
465 2_B.L.accessrate_no___Filosofi	2_B.L.	0.7969512830807565	0.8008029145688577	0.8532671011157082
466 2_B.L.accessrate_no___Frankrike	2_B.L.	0.8166894604511141	0.7720240371484964	0.5933179917384707
467 2_B.L.accessrate_no___Holocaust	2_B.L.	0.7763090594650777	0.9327582654140835	0.6051812606465273
468 2_B.L.accessrate_no___Humanisme	2_B.L.	0.763642930098927	0.8684793960916282	0.7359967353209926
469 2_B.L.accessrate_no___Israel	2_B.L.	0.8140421119045562	0.6601064920981873	0.4631343308396317
470 2_B.L.accessrate_no___Japan	2_B.L.	0.6414478840234129	0.6635843873814147	0.5745565057068566
471 2_B.L.accessrate_no___Jødedom	2_B.L.	0.850921086502654	0.9021939962467785	0.7115643977848323
472 2_B.L.accessrate_no___Jøder	2_B.L.	0.8139777744559393	0.8504451423627993	0.7055981888957197
473 2_B.L.accessrate_no___Kreft	2_B.L.	0.7160146781989669	0.653355520363448	0.7907359939407731
474 2_B.L.accessrate_no___Menneske	2_B.L.	0.7477446071192131	0.6991714399523453	0.8534109574080518
475 2_B.L.accessrate_no___Opplysningstiden	2_B.L.	0.7948797467400825	0.8705596139925387	0.7188237234390606
476 2_B.L.accessrate_no___Reformasjonen	2_B.L.	0.7963004191793043	0.8738160160376878	0.54385390337152
477 2_B.L.accessrate_no___Renessansen	2_B.L.	0.829345891958015	0.873471578513371	0.563874687618305
478 2_B.L.accessrate_no___Romantikken	2_B.L.	0.8139365673423345	0.9178052024614305	0.6848546445499811
479 2_B.L.accessrate_no___Romerriket	2_B.L.	0.7991397875219567	0.8228131585450079	0.7971699790089009
480 2_B.L.accessrate_no___Russland	2_B.L.	0.8636930144346933	0.7207003983580509	0.6484724852471789
481 2_B.L.accessrate_no___Tobakk	2_B.L.	0.8160022148210092	0.7833362747051887	0.6135920080191505
482 2_B.L.accessrate_no___Tyskland	2_B.L.	0.7848852570705024	0.6907133606099878	0.5749504253944386
483 2_B.L.accessrate_no___USA	2_B.L.	0.8690916712315011	0.8302969024855197	0.6374614925376687
484 2_B.L.accessrate_no___Ukraina	2_B.L.	0.7416194488431872	0.7393400809358914	0.47777339866987273
485 2_B.L.accessrate_no___Østerrike	2_B.L.	0.7232815885797526	0.6697816570959303	0.5058536184837823
486 2_B.L.accessrate_pl___Badenia-Wirtembergia	2_B.L.	0.7903046152544825	0.4903532195957762	0.7067565002422741
487 2_B.L.accessrate_pl___Celtowie	2_B.L.	0.8757804010105424	0.4484773633972113	0.862465993967689
488 2_B.L.accessrate_pl___Europa	2_B.L.	1.0416384254644162	0.4257591397829497	1.0899374381513665
489 2_B.L.accessrate_pl___Izrael	2_B.L.	0.9387835058219146	1.1373583792238795	1.0662041810349014
490 2_B.L.accessrate_pl___Japonia	2_B.L.	0.7910861447887362	0.48793638560617314	0.7358694576490279
491 2_B.L.accessrate_pl___Karlsruhe	2_B.L.	0.7113263365926168	0.4102405749951223	0.9722809242785772
492 2_B.L.accessrate_pl___Mannheim	2_B.L.	0.6931231722451199	0.46217081493915646	0.9209482398455905
493 2_B.L.accessrate_pl___Powiat	2_B.L.	0.9239488119049386	0.5558474355499441	0.7013080369352948
494 2_B.L.accessrate_pl___Saksonia	2_B.L.	0.8500804959204101	0.4112227205630957	1.0042137983136645
495 2_B.L.accessrate_pl___Stuttgart	2_B.L.	0.8632238241261776	0.4461497047395347	0.8794655879659988
496 2_B.L.accessrate_pl___Ukraina	2_B.L.	1.002989550312156	0.3879347386539899	1.0529384072451797
497 2_B.L.accessrate_pt___Ator	2_B.L.	0.8752175533423082	0.4050227183864276	0.9649958388123712
498 2_B.L.accessrate_pt___Automobilismo	2_B.L.	0.7602818694853015	0.5202513865639169	0.86310303801965
499 2_B.L.accessrate_pt___Entomologia	2_B.L.	0.503814206027941	0.5924317310918368	0.6950506022321692
500 2_B.L.accessrate_pt___Escritor	2_B.L.	0.7787798163705689	0.5321249141598919	0.7833949667610335
501 2_B.L.accessrate_pt___Extinção	2_B.L.	0.9038424438896819	0.6059763924768692	0.8641420250880576
502 2_B.L.accessrate_pt___Fóssil	2_B.L.	0.9114449412594999	0.6853673920712032	0.7207207377058275
503 2_B.L.accessrate_pt___Medicina	2_B.L.	0.9920125442666965	0.4172079563746312	0.870250341451225
504 2_B.L.accessrate_pt___Político	2_B.L.	0.8085213882920907	0.7167573372885471	0.8456357601185386
505 2_B.L.accessrate_pt___Rei	2_B.L.	0.7428196901613817	0.42977478010686015	0.9122735903447288
506 2_B.L.accessrate_pt___Suécia	2_B.L.	0.9024792798360977	0.44537622445916314	0.9003800052205315
507 2_B.L.accessrate_pt___Tailândia	2_B.L.	0.9012931902929955	0.5728494117886308	0.8776003359122336
508 2_B.L.accessrate_pt___Vale	2_B.L.	0.7776512101277905	0.5954956537781139	0.825311561408861
509 2_B.L.accessrate_ro___Budism	2_B.L.	0.8363764836471114	0.6201092630020922	0.9702613778554218
510 2_B.L.accessrate_ro___Europa	2_B.L.	0.9315035685205454	0.43357875282233094	0.8664362372480104
511 2_B.L.accessrate_ro___Islam	2_B.L.	0.8176318237984816	0.5033508931841603	0.95056867954813
512 2_B.L.accessrate_ro___Suedia	2_B.L.	0.8502165430512748	0.4525217932356581	0.7598477617900485
513 2_B.L.accessrate_ru___1979	2_B.L.	0.7101240199883111	0.46203958147871343	0.8850503888705439
514 2_B.L.accessrate_ru___1983	2_B.L.	0.7404253928039205	0.6149989827263852	0.6888377044895035
515 2_B.L.accessrate_ru___1991	2_B.L.	0.761593979332848	0.47382191358941117	1.1140415015230976
516 2_B.L.accessrate_ru___1995	2_B.L.	0.7140930814828904	0.4686428758255446	1.0008522103385609
517 2_B.L.accessrate_ru___Баден-Вюртемберг	2_B.L.	0.7061655697587113	0.5215945280342449	0.8048887353280112
518 2_B.L.accessrate_ru___Бонсай	2_B.L.	0.7773595092623782	0.4329593781648629	1.0863398636318815
519 2_B.L.accessrate_ru___Гамбург	2_B.L.	0.8679799497497762	0.4416609537178586	1.0262226946990178
520 2_B.L.accessrate_ru___Зальцбург	2_B.L.	0.7374341144654585	0.4647976848224081	0.9924541451868142
521 2_B.L.accessrate_ru___Израиль	2_B.L.	0.8747066517877004	0.5223438985999662	0.954084619434402
522 2_B.L.accessrate_ru___Кёльн	2_B.L.	0.8806184694263453	0.43511099402136044	1.0113849999233409
523 2_B.L.accessrate_ru___Писатель	2_B.L.	0.7909381988610394	0.42910771491621696	1.048538335153332
524 2_B.L.accessrate_ru___Примитивизм	2_B.L.	0.7013002315963329	0.5185441634204626	0.8707499778436562
525 2_B.L.accessrate_ru___Рейн	2_B.L.	0.9324043622174205	0.7184019908635502	0.8369910220695114
526 2_B.L.accessrate_ru___Реформация	2_B.L.	0.8981475482526324	0.524912535702851	0.9894620073684791
527 2_B.L.accessrate_ru___Симферополь	2_B.L.	0.9212088543286188	0.3955776713276109	0.8734004918451623
528 2_B.L.accessrate_ru___Университет	2_B.L.	0.8597457417517952	0.4597426548232895	1.039797659206301
529 2_B.L.accessrate_ru___Цюрих	2_B.L.	0.7705757628319408	0.476010278198295	0.8612825092798349
530 2_B.L.accessrate_ru___Штутгарт	2_B.L.	0.6991763394939345	0.7068518610774287	0.8352461821245886
531 2_B.L.accessrate_ru___Экономика	2_B.L.	0.9677714078837085	0.5514109440315089	1.298125924834536
532 2_B.L.accessrate_ru___ЮНЕСКО	2_B.L.	0.8630701076146597	0.5413547856508908	1.0288216786092672
533 2_B.L.accessrate_ru___Япония	2_B.L.	0.9571249739221833	0.4365080473049264	0.9827819489433421
534 2_B.L.accessrate_sk___Japonsko	2_B.L.	0.7120708230031926	0.5515145277254436	0.643403317205119
535 2_B.L.accessrate_sk___Ukrajina	2_B.L.	0.7601695824201544	0.7333313002484468	1.292423721171356
536 2_B.L.accessrate_sl___Nemčija	2_B.L.	0.7790188023050353	0.45807243306960116	0.818751258015883
537 2_B.L.accessrate_sv___Berlin	2_B.L.	0.8404746494985226	0.5546569092733251	0.9967928455081865
538 2_B.L.accessrate_sv___Hamburg	2_B.L.	0.7125957402847841	0.5904398144054958	0.9072826293492915
539 2_B.L.accessrate_sv___München	2_B.L.	0.7015706809335337	0.5908444247536582	0.8750981893058306
540 2_B.L.accessrate_sv___Rhen	2_B.L.	0.7926139642644624	0.8074801257173092	0.8982329006333789
541 2_B.L.accessrate_tr___Almanca	2_B.L.	0.8356895256966451	0.40231962264472426	0.8821057750295286
542 2_B.L.accessrate_tr___Avrupa	2_B.L.	0.9095278012945214	0.36219778506181716	0.8160627033546951
543 2_B.L.accessrate_tr___Berlin	2_B.L.	0.8416288359268098	0.3386215673755958	0.9968932863864821
544 2_B.L.accessrate_tr___Biyoloji	2_B.L.	0.8333347959843633	0.4508719538767428	1.2389283517375405
545 2_B.L.accessrate_tr___Hamburg	2_B.L.	0.8290848657993811	0.8310691386874831	0.7105880919804436
546 2_B.L.accessrate_tr___Kanser	2_B.L.	0.9471527952264308	0.4594685044507538	1.3145712390447108
547 2_B.L.accessrate_tr___Köln	2_B.L.	0.73214702582578	0.4019908537591491	0.8912560294459898
548 2_B.L.accessrate_tr___Nüfus	2_B.L.	0.8534941871530294	0.42075890874360294	0.8691779200252627
549 2_B.L.accessrate_tr___Tıp	2_B.L.	0.9067421688899502	0.3872948619391398	1.3707138677204336
550 2_B.L.accessrate_zh___中世纪	2_B.L.	0.6416402663679829	0.4768039485040064	1.0979930278300634
551 2_B.L.accessrate_zh___歌德	2_B.L.	0.6702318625263944	0.4565493025785057	1.1184709686024
1 2_CN.accessrate_de___Heidelberg	2_CN.	0.930890451330482	0.3915405132431015	0.9200090350742882
1 2_IWL.accessrate_en___Heidelberg	2_IWL.	0.7264210310861442	0.5217708301752289	1.0386125239285622
2 2_IWL.accessrate_es___Heidelberg	2_IWL.	0.7271591858592182	0.5456753807072106	0.8469123940050923
3 2_IWL.accessrate_fr___Heidelberg	2_IWL.	0.8328129021345284	0.6099166229287568	0.9394591424324017
4 2_IWL.accessrate_it___Heidelberg	2_IWL.	0.7727984323761968	0.43048412846780876	0.9169181697103463
5 2_IWL.accessrate_ja___ハイデルベルク	2_IWL.	0.749630302879561	0.602961854907156	0.9057127669573534
6 2_IWL.accessrate_pl___Heidelberg	2_IWL.	0.6929895900418717	0.42203069926343606	0.8681162368691181
